Workbook

Sheet Team Wise
A1: Hackathon – Team-wise Participant List (Attendance & Evaluation)
A2: Each team appears once (merged S.No / ID / Team Name / Track, and College/Branch/Year where identical). Teams are grouped by Track (alternate shading per team, thick line between teams). Fill the yellow Attendance column using the dropdown (Present / Absent).
A4: S.No | B4: Registration ID | C4: Team Name | D4: Team Member Name | E4: Role | F4: College | G4: Branch | H4: Year | I4: Track | J4: Phone No. | K4: Attendance
A5: 1 | B5: HV2-2026-OCT-4698 | C5: #HackNova | D5: Pasham Akanksha Reddy | E5: Leader | F5: Vignan Institute of Technology and Science | G5: AIDS | H5: 1st Year | I5: Artificial Intelligence (AI) | J5: 9652601387
D6: Srinivas Nayak Ramavath | E6: Member | J6: 7680028395
D7: Pasham Hrithik Reddy | E7: Member | J7: 8985540655
A8: 2 | B8: HV2-2026-OCT-1818 | C8: AI mavericks | D8: Vaggu Sahasra | E8: Leader | F8: Vignan Institute of Technology and Science | G8: CSE (DS) | H8: 2nd Year | I8: Artificial Intelligence (AI) | J8: 9908982106
D9: krupalini kasoju | E9: Member | G9: CIVIL | J9: 9100326179
D10: Gangapuram Sai Charan | E10: Member | G10: MECH | J10: 9666895769
A11: 3 | B11: HV2-2026-OCT-1348 | C11: AI-tians | D11: Mikkilineni Pravarshitha | E11: Leader | F11: Vignan Institute of Technology and Science | G11: CSE (AI&ML) | H11: 2nd Year | I11: Artificial Intelligence (AI) | J11: 8985359921
D12: P Pranathi | E12: Member | J12: 9381261938
D13: SINGAM SAI HARSHITH | E13: Member | J13: 7660042977
A14: 4 | B14: HV2-2026-OCT-4899 | C14: ARITRA | D14: Chathur M | E14: Leader | F14: Vignan Institute of Technology and Science | G14: AIDS | H14: 2nd Year | I14: Artificial Intelligence (AI) | J14: 9291619080
D15: Vaahini G | E15: Member | G15: AIDS | H15: 2nd Year | J15: 9391286222
D16: p sandeep | E16: Member | G16: CSE (DS) | H16: 3rd Year | J16: 7093447407
A17: 5 | B17: HV2-2026-OCT-4878 | C17: Advitheeya | D17: Badugu Nigama | E17: Leader | F17: Vignan Institute of Technology and Science | G17: AIDS | H17: 2nd Year | I17: Artificial Intelligence (AI) | J17: 7032177918
D18: Nakarakanti Yuva Keerthi | E18: Member | J18: 8074382611
D19: Kan Kushi Kumari | E19: Member | J19: 9490706546
A20: 6 | B20: HV2-2026-OCT-4104 | C20: Aevora | D20: Praseeja Sunkari | E20: Leader | F20: Vignan Institute of Technology and Science | G20: CSE (AI&ML) | H20: 3rd Year | I20: Artificial Intelligence (AI) | J20: 7842731141
D21: Vanja Akshitha | E21: Member | G21: CSE (DS) | J21: 7569220914
D22: B.Vaishnavi | E22: Member | G22: CSE (DS) | J22: 7416127993
A23: 7 | B23: HV2-2026-OCT-4906 | C23: AiFinishers | D23: Badavath vishnu | E23: Leader | F23: Vignan Institute of Technology and Science | G23: CSE (DS) | H23: 2nd Year | I23: Artificial Intelligence (AI) | J23: 7396616379
D24: Boya mukesh | E24: Member | J24: 7815858411
D25: Janga chandan | E25: Member | J25: 8247030165
A26: 8 | B26: HV2-2026-OCT-5358 | C26: Al Avengers | D26: Sathu. Goutham Reddy | E26: Leader | F26: Vignan Institute of Technology and Science | G26: CSE (DS) | H26: 3rd Year | I26: Artificial Intelligence (AI) | J26: 9154184676
D27: Gudipelli. Manoj | E27: Member | G27: CSE (AI&ML) | J27: 8179544286
D28: Kongari. Udayasree | E28: Member | G28: CSE (DS) | J28: 6303036707
A29: 9 | B29: HV2-2026-OCT-4614 | C29: Algo squad | D29: Poloju vasavi | E29: Leader | F29: Vignan Institute of Technology and Science | G29: CSE | H29: 3rd Year | I29: Artificial Intelligence (AI) | J29: 9392793987
D30: Mohammad saniya | E30: Member | J30: 9848364850
D31: Pittala harika | E31: Member | J31: 6309460308
A32: 10 | B32: HV2-2026-OCT-2695 | C32: Alide | D32: Abhiram | E32: Leader | F32: Vignan Institute of Technology and Science | G32: CSE (AI&ML) | H32: 2nd Year | I32: Artificial Intelligence (AI) | J32: 8008189293
D33: Mohammad Arif | E33: Member | J33: 8074047607
D34: Sathish | E34: Member | J34: 8712214574
A35: 11 | B35: HV2-2026-OCT-7565 | C35: All stars | D35: katakam supraja | E35: Leader | F35: Vignan Institute of Technology and Science | G35: CSE | H35: 2nd Year | I35: Artificial Intelligence (AI) | J35: 9490948538
D36: N.arun | E36: Member | J36: 8639459203
D37: M ARAVIND | E37: Member | J37: 6281094261
A38: 12 | B38: HV2-2026-OCT-4338 | C38: BLITZ | D38: Tejeshwar Reddy Addula | E38: Leader | F38: Vignan Institute of Technology and Science | G38: CSE (AI&ML) | H38: 2nd Year | I38: Artificial Intelligence (AI) | J38: 7382838743
D39: Byreddy Sushank Reddy | E39: Member | J39: 8332051480
D40: Chandaluri Sri Harsha | E40: Member | J40: 9100865190
A41: 13 | B41: HV2-2026-OCT-5946 | C41: Bits x Bytes | D41: Neha Reddy K | E41: Leader | F41: Vignan Institute of Technology and Science | G41: CSE (DS) | H41: 3rd Year | I41: Artificial Intelligence (AI) | J41: 7093677995
D42: Koduri Sri Harsha | E42: Member | G42: CSE | J42: 9652867531
D43: I Sahasra | E43: Member | G43: CSE (DS) | J43: 9347883612
A44: 14 | B44: HV2-2026-OCT-6520 | C44: Black Pearl | D44: Danthenapally Srivarshitha | E44: Leader | F44: CVR College of Engineering | G44: CSE (DS) | H44: 2nd Year | I44: Artificial Intelligence (AI) | J44: 6309934781
D45: Gollapalli Chakradhar Chary | E45: Member | F45: Sri Venkateshwara College of Engineering | G45: CSE (AI&ML) | J45: 7013280417
D46: Kota Uday Reddy | E46: Member | F46: CVR College of Engineering | G46: CSE (DS) | J46: 9347004550
A47: 15 | B47: HV2-2026-OCT-4594 | C47: BoldCoders | D47: Kasoju SpuranChandra | E47: Leader | F47: Vignan Institute of Technology and Science | G47: CSE | H47: 2nd Year | I47: Artificial Intelligence (AI) | J47: 9515067709
D48: Maddineni Yashashwini | E48: Member | J48: 7793963851
D49: Pothuganti Sonalika | E49: Member | J49: 8332044969
A50: 16 | B50: HV2-2026-OCT-3585 | C50: BrainRot Brats | D50: Aasheerwad Sandhyapogu | E50: Leader | F50: Vignan Institute of Technology and Science | G50: CSE (AI&ML) | H50: 3rd Year | I50: Artificial Intelligence (AI) | J50: 7702363562
D51: Vishal reddy | E51: Member | J51: 9849019832
D52: Syed Omer | E52: Member | J52: 7981537348
A53: 17 | B53: HV2-2026-OCT-3629 | C53: BroCode | D53: Varshini Bodige | E53: Leader | F53: Vignan Institute of Technology and Science | G53: CSE | H53: 2nd Year | I53: Artificial Intelligence (AI) | J53: 9182392386
D54: Harika Gummalla | E54: Member | J54: 9121555751
D55: Kancharla Manish Kumar | E55: Member | J55: 9948437820
A56: 18 | B56: HV2-2026-OCT-4616 | C56: Bug Slayers | D56: Padarthi Divya Sri | E56: Leader | F56: ACE Engineering College | G56: CSE (DS) | H56: 2nd Year | I56: Artificial Intelligence (AI) | J56: 9618719572
D57: Chirra Hasini | E57: Member | G57: CSE (AI&ML) | J57: 8341223438
D58: Chamakura Yamini | E58: Member | G58: CSE (DS) | J58: 7989609328
A59: 19 | B59: HV2-2026-OCT-9242 | C59: Clause's Plan | D59: Sashreek Reddy | E59: Leader | F59: Vignan Institute of Technology and Science | G59: CSE | H59: 2nd Year | I59: Artificial Intelligence (AI) | J59: 9059949889
D60: Kanaparthy Aryan | E60: Member | J60: 7416481279
D61: Sai Chandrakanth | E61: Member | J61: 6281696284
A62: 20 | B62: HV2-2026-OCT-9150 | C62: Code & Slay | D62: Anthati Ruthika | E62: Leader | F62: Vignan Institute of Technology and Science | G62: CSE | H62: 3rd Year | I62: Artificial Intelligence (AI) | J62: 9705884131
D63: Ithagoni Jyothsnasri | E63: Member | J63: 9121954394
D64: Kusuru Divya | E64: Member | J64: 9391433725
A65: 21 | B65: HV2-2026-OCT-5745 | C65: Code Blooded | D65: Yamini Thirumani | E65: Leader | F65: G Narayanamma Institute of Technology and Science (GNITS) | G65: CSE (DS) | H65: 4th Year | I65: Artificial Intelligence (AI) | J65: 7995693895
D66: Puvvadi Sakhitha | E66: Member | G66: CSE (AI&ML) | J66: 9398899334
D67: Harshitha Puliroju | E67: Member | G67: CSE (DS) | J67: 6305406660
A68: 22 | B68: HV2-2026-OCT-6128 | C68: Code cube | D68: Padakanti varsha | E68: Leader | F68: Vignan Institute of Technology and Science | G68: CSE | H68: 3rd Year | I68: Artificial Intelligence (AI) | J68: 6304218536
D69: Ubbu Rohini | E69: Member | J69: 9603272908
D70: Palsam Maneesha | E70: Member | J70: 9014710274
A71: 23 | B71: HV2-2026-OCT-4305 | C71: Code rush | D71: chegurisahasra21 | E71: Leader | F71: Vignan Institute of Technology and Science | G71: CSE | H71: 3rd Year | I71: Artificial Intelligence (AI) | J71: 9573609225
D72: chegurisamaghna21 | E72: Member | J72: 9849747585
D73: shivaniappala | E73: Member | J73: 6304128615
A74: 24 | B74: HV2-2026-OCT-5660 | C74: Code titans | D74: Chada Vaishnavi | E74: Leader | F74: Marri Laxman Reddy Institute of Technology and Management (MLRITM) | G74: CSE (AI&ML) | H74: 2nd Year | I74: Artificial Intelligence (AI) | J74: 7702498268
D75: Akshitha Deshagoni | E75: Member | J75: 9030380871
D76: Srividya Alubilli | E76: Member | J76: 6281084832
A77: 25 | B77: HV2-2026-OCT-9845 | C77: Code titans | D77: Chindam Keerthana | E77: Leader | F77: Vignan Institute of Technology and Science | G77: CSE (AI&ML) | H77: 2nd Year | I77: Artificial Intelligence (AI) | J77: 8179992289
D78: janipella sindhu | E78: Member | J78: 9573376307
D79: tadaka akhila | E79: Member | J79: 8688196471
A80: 26 | B80: HV2-2026-OCT-8620 | C80: Code × Crash | D80: Daroori Abhignya | E80: Leader | F80: Vignan's Institute of Management and Technology for Women (VMTW) | G80: CSE (DS) | H80: 3rd Year | I80: Artificial Intelligence (AI) | J80: 8247203142
D81: S.Ruchitha | E81: Member | J81: 9866193388
D82: Tejaswi Pendyala | E82: Member | J82: 9391281815
A83: 27 | B83: HV2-2026-OCT-6582 | C83: CodeAlpha | D83: Golconda Yeshwanth Kumar | E83: Leader | F83: Anurag Engineering College (Kodad) | G83: CSE | H83: 3rd Year | I83: Artificial Intelligence (AI) | J83: 7075320652
D84: Polepaka Mahesh | E84: Member | J84: 7013197272
D85: Velpula Vyshali | E85: Member | J85: 9542224334
A86: 28 | B86: HV2-2026-OCT-5487 | C86: CodeHelix | D86: G.Rishitha | E86: Leader | F86: Vignan Institute of Technology and Science | G86: CSE | H86: 3rd Year | I86: Artificial Intelligence (AI) | J86: 7997182157
D87: K.shirisha | E87: Member | J87: 9652166330
D88: Gondi Soumya reddy | E88: Member | J88: 9848546409
A89: 29 | B89: HV2-2026-OCT-3917 | C89: CodeMatriX | D89: Krishna Chaitanya Anugu | E89: Leader | F89: Vignan Institute of Technology and Science | G89: CSE | H89: 2nd Year | I89: Artificial Intelligence (AI) | J89: 7780401460
D90: Nandini Yarramada | E90: Member | J90: 9063401449
D91: Ashna Reddy Gangapuram | E91: Member | J91: 9393833639
A92: 30 | B92: HV2-2026-OCT-1244 | C92: CodeMind | D92: BHUDHALA MADHAVI | E92: Leader | F92: Vignan Institute of Technology and Science | G92: CSE (DS) | H92: 2nd Year | I92: Artificial Intelligence (AI) | J92: 8179752894
D93: KASULA AKSHAYA | E93: Member | J93: 9032915256
D94: PREETHI BARADO | E94: Member | J94: 9603554602
A95: 31 | B95: HV2-2026-OCT-6039 | C95: Codefusion | D95: SHIVANI KURMA | E95: Leader | F95: Marri Laxman Reddy Institute of Technology and Management (MLRITM) | G95: CSE (AI&ML) | H95: 3rd Year | I95: Artificial Intelligence (AI) | J95: 9398471837
D96: Ch Karthik | E96: Member | J96: 9493317442
D97: Shaik Momin | E97: Member | J97: 9133153170
A98: 32 | B98: HV2-2026-OCT-5283 | C98: Coders | D98: Neelam Anjali | E98: Leader | F98: KL University (KLH) | G98: CSE | H98: 4th Year | I98: Artificial Intelligence (AI) | J98: 9985859422
D99: Nikhil Mudigonda | E99: Member | H99: 3rd Year | J99: 8341664756
D100: Srujana Sadhu | E100: Member | H100: 3rd Year | J100: 9491516765
A101: 33 | B101: HV2-2026-OCT-8480 | C101: Coderush | D101: Erra Akshitha | E101: Leader | F101: Sphoorthy Engineering College | G101: AI&ML | H101: 3rd Year | I101: Artificial Intelligence (AI) | J101: 9441830190
...

Sheet Team Evaluation
A1: Hackathon – Team Evaluation Sheet
A2: Enter marks in the yellow cells (max marks shown in row 4; criteria names & max marks are placeholders – edit as needed). Total, Percentage and Track Rank calculate automatically. Members Present comes from the Attendance column on Team Wise. College/Branch/Year are shown once if the whole team is the same, otherwise one line per member in the same order as the names; Phone has one line per member.
K4: Max marks → | L4: 10 | M4: 10 | N4: 10 | O4: 10 | P4: =SUM(L4:O4) -> 40
A5: Team No. | B5: Registration ID | C5: Team Name | D5: Track | E5: Team Member Names | F5: College | G5: Branch | H5: Year | I5: Phone No. | J5: Members | K5: Members Present | L5: Innovation / Idea | M5: Technical Implementation | N5: Feasibility / Impact | O5: Presentation & Demo | P5: Total | Q5: Percentage | R5: Rank in Track | S5: Remarks
A6: 1 | B6: HV2-2026-OCT-4698 | C6: #HackNova | D6: Artificial Intelligence (AI) | E6: Pasham Akanksha Reddy Srinivas Nayak Ramavath Pasham Hrithik Reddy | F6: Vignan Institute of Technology and Science | G6: AIDS | H6: 1st Year | I6: 9652601387 7680028395 8985540655 | J6: =COUNTA('Team Wise'!D5:D7) -> 3 | K6: =COUNTIF('Team Wise'!K5:K7,"Present") -> 0 | P6: =IF(COUNT(L6:O6)=0,"",SUM(L6:O6)) | Q6: =IF(P6="","",P6/$P$4) | R6: =IF(P6="","",COUNTIFS($D$6:$D$219,D6,$P$6:$P$219,">"&P6)+1)
A7: 2 | B7: HV2-2026-OCT-1818 | C7: AI mavericks | D7: Artificial Intelligence (AI) | E7: Vaggu Sahasra krupalini kasoju Gangapuram Sai Charan | F7: Vignan Institute of Technology and Science | G7: CSE (DS) CIVIL MECH | H7: 2nd Year | I7: 9908982106 9100326179 9666895769 | J7: =COUNTA('Team Wise'!D8:D10) -> 3 | K7: =COUNTIF('Team Wise'!K8:K10,"Present") -> 0 | P7: =IF(COUNT(L7:O7)=0,"",SUM(L7:O7)) | Q7: =IF(P7="","",P7/$P$4) | R7: =IF(P7="","",COUNTIFS($D$6:$D$219,D7,$P$6:$P$219,">"&P7)+1)
A8: 3 | B8: HV2-2026-OCT-1348 | C8: AI-tians | D8: Artificial Intelligence (AI) | E8: Mikkilineni Pravarshitha P Pranathi SINGAM SAI HARSHITH | F8: Vignan Institute of Technology and Science | G8: CSE (AI&ML) | H8: 2nd Year | I8: 8985359921 9381261938 7660042977 | J8: =COUNTA('Team Wise'!D11:D13) -> 3 | K8: =COUNTIF('Team Wise'!K11:K13,"Present") -> 0 | P8: =IF(COUNT(L8:O8)=0,"",SUM(L8:O8)) | Q8: =IF(P8="","",P8/$P$4) | R8: =IF(P8="","",COUNTIFS($D$6:$D$219,D8,$P$6:$P$219,">"&P8)+1)
A9: 4 | B9: HV2-2026-OCT-4899 | C9: ARITRA | D9: Artificial Intelligence (AI) | E9: Chathur M Vaahini G p sandeep | F9: Vignan Institute of Technology and Science | G9: AIDS AIDS CSE (DS) | H9: 2nd Year 2nd Year 3rd Year | I9: 9291619080 9391286222 7093447407 | J9: =COUNTA('Team Wise'!D14:D16) -> 3 | K9: =COUNTIF('Team Wise'!K14:K16,"Present") -> 0 | P9: =IF(COUNT(L9:O9)=0,"",SUM(L9:O9)) | Q9: =IF(P9="","",P9/$P$4) | R9: =IF(P9="","",COUNTIFS($D$6:$D$219,D9,$P$6:$P$219,">"&P9)+1)
A10: 5 | B10: HV2-2026-OCT-4878 | C10: Advitheeya | D10: Artificial Intelligence (AI) | E10: Badugu Nigama Nakarakanti Yuva Keerthi Kan Kushi Kumari | F10: Vignan Institute of Technology and Science | G10: AIDS | H10: 2nd Year | I10: 7032177918 8074382611 9490706546 | J10: =COUNTA('Team Wise'!D17:D19) -> 3 | K10: =COUNTIF('Team Wise'!K17:K19,"Present") -> 0 | P10: =IF(COUNT(L10:O10)=0,"",SUM(L10:O10)) | Q10: =IF(P10="","",P10/$P$4) | R10: =IF(P10="","",COUNTIFS($D$6:$D$219,D10,$P$6:$P$219,">"&P10)+1)
A11: 6 | B11: HV2-2026-OCT-4104 | C11: Aevora | D11: Artificial Intelligence (AI) | E11: Praseeja Sunkari Vanja Akshitha B.Vaishnavi | F11: Vignan Institute of Technology and Science | G11: CSE (AI&ML) CSE (DS) CSE (DS) | H11: 3rd Year | I11: 7842731141 7569220914 7416127993 | J11: =COUNTA('Team Wise'!D20:D22) -> 3 | K11: =COUNTIF('Team Wise'!K20:K22,"Present") -> 0 | P11: =IF(COUNT(L11:O11)=0,"",SUM(L11:O11)) | Q11: =IF(P11="","",P11/$P$4) | R11: =IF(P11="","",COUNTIFS($D$6:$D$219,D11,$P$6:$P$219,">"&P11)+1)
A12: 7 | B12: HV2-2026-OCT-4906 | C12: AiFinishers | D12: Artificial Intelligence (AI) | E12: Badavath vishnu Boya mukesh Janga chandan | F12: Vignan Institute of Technology and Science | G12: CSE (DS) | H12: 2nd Year | I12: 7396616379 7815858411 8247030165 | J12: =COUNTA('Team Wise'!D23:D25) -> 3 | K12: =COUNTIF('Team Wise'!K23:K25,"Present") -> 0 | P12: =IF(COUNT(L12:O12)=0,"",SUM(L12:O12)) | Q12: =IF(P12="","",P12/$P$4) | R12: =IF(P12="","",COUNTIFS($D$6:$D$219,D12,$P$6:$P$219,">"&P12)+1)
A13: 8 | B13: HV2-2026-OCT-5358 | C13: Al Avengers | D13: Artificial Intelligence (AI) | E13: Sathu. Goutham Reddy Gudipelli. Manoj Kongari. Udayasree | F13: Vignan Institute of Technology and Science | G13: CSE (DS) CSE (AI&ML) CSE (DS) | H13: 3rd Year | I13: 9154184676 8179544286 6303036707 | J13: =COUNTA('Team Wise'!D26:D28) -> 3 | K13: =COUNTIF('Team Wise'!K26:K28,"Present") -> 0 | P13: =IF(COUNT(L13:O13)=0,"",SUM(L13:O13)) | Q13: =IF(P13="","",P13/$P$4) | R13: =IF(P13="","",COUNTIFS($D$6:$D$219,D13,$P$6:$P$219,">"&P13)+1)
A14: 9 | B14: HV2-2026-OCT-4614 | C14: Algo squad | D14: Artificial Intelligence (AI) | E14: Poloju vasavi Mohammad saniya Pittala harika | F14: Vignan Institute of Technology and Science | G14: CSE | H14: 3rd Year | I14: 9392793987 9848364850 6309460308 | J14: =COUNTA('Team Wise'!D29:D31) -> 3 | K14: =COUNTIF('Team Wise'!K29:K31,"Present") -> 0 | P14: =IF(COUNT(L14:O14)=0,"",SUM(L14:O14)) | Q14: =IF(P14="","",P14/$P$4) | R14: =IF(P14="","",COUNTIFS($D$6:$D$219,D14,$P$6:$P$219,">"&P14)+1)
A15: 10 | B15: HV2-2026-OCT-2695 | C15: Alide | D15: Artificial Intelligence (AI) | E15: Abhiram Mohammad Arif Sathish | F15: Vignan Institute of Technology and Science | G15: CSE (AI&ML) | H15: 2nd Year | I15: 8008189293 8074047607 8712214574 | J15: =COUNTA('Team Wise'!D32:D34) -> 3 | K15: =COUNTIF('Team Wise'!K32:K34,"Present") -> 0 | P15: =IF(COUNT(L15:O15)=0,"",SUM(L15:O15)) | Q15: =IF(P15="","",P15/$P$4) | R15: =IF(P15="","",COUNTIFS($D$6:$D$219,D15,$P$6:$P$219,">"&P15)+1)
A16: 11 | B16: HV2-2026-OCT-7565 | C16: All stars | D16: Artificial Intelligence (AI) | E16: katakam supraja N.arun M ARAVIND | F16: Vignan Institute of Technology and Science | G16: CSE | H16: 2nd Year | I16: 9490948538 8639459203 6281094261 | J16: =COUNTA('Team Wise'!D35:D37) -> 3 | K16: =COUNTIF('Team Wise'!K35:K37,"Present") -> 0 | P16: =IF(COUNT(L16:O16)=0,"",SUM(L16:O16)) | Q16: =IF(P16="","",P16/$P$4) | R16: =IF(P16="","",COUNTIFS($D$6:$D$219,D16,$P$6:$P$219,">"&P16)+1)
A17: 12 | B17: HV2-2026-OCT-4338 | C17: BLITZ | D17: Artificial Intelligence (AI) | E17: Tejeshwar Reddy Addula Byreddy Sushank Reddy Chandaluri Sri Harsha | F17: Vignan Institute of Technology and Science | G17: CSE (AI&ML) | H17: 2nd Year | I17: 7382838743 8332051480 9100865190 | J17: =COUNTA('Team Wise'!D38:D40) -> 3 | K17: =COUNTIF('Team Wise'!K38:K40,"Present") -> 0 | P17: =IF(COUNT(L17:O17)=0,"",SUM(L17:O17)) | Q17: =IF(P17="","",P17/$P$4) | R17: =IF(P17="","",COUNTIFS($D$6:$D$219,D17,$P$6:$P$219,">"&P17)+1)
A18: 13 | B18: HV2-2026-OCT-5946 | C18: Bits x Bytes | D18: Artificial Intelligence (AI) | E18: Neha Reddy K Koduri Sri Harsha I Sahasra | F18: Vignan Institute of Technology and Science | G18: CSE (DS) CSE CSE (DS) | H18: 3rd Year | I18: 7093677995 9652867531 9347883612 | J18: =COUNTA('Team Wise'!D41:D43) -> 3 | K18: =COUNTIF('Team Wise'!K41:K43,"Present") -> 0 | P18: =IF(COUNT(L18:O18)=0,"",SUM(L18:O18)) | Q18: =IF(P18="","",P18/$P$4) | R18: =IF(P18="","",COUNTIFS($D$6:$D$219,D18,$P$6:$P$219,">"&P18)+1)
A19: 14 | B19: HV2-2026-OCT-6520 | C19: Black Pearl | D19: Artificial Intelligence (AI) | E19: Danthenapally Srivarshitha Gollapalli Chakradhar Chary Kota Uday Reddy | F19: CVR College of Engineering Sri Venkateshwara College of Engineering CVR College of Engineering | G19: CSE (DS) CSE (AI&ML) CSE (DS) | H19: 2nd Year | I19: 6309934781 7013280417 9347004550 | J19: =COUNTA('Team Wise'!D44:D46) -> 3 | K19: =COUNTIF('Team Wise'!K44:K46,"Present") -> 0 | P19: =IF(COUNT(L19:O19)=0,"",SUM(L19:O19)) | Q19: =IF(P19="","",P19/$P$4) | R19: =IF(P19="","",COUNTIFS($D$6:$D$219,D19,$P$6:$P$219,">"&P19)+1)
A20: 15 | B20: HV2-2026-OCT-4594 | C20: BoldCoders | D20: Artificial Intelligence (AI) | E20: Kasoju SpuranChandra Maddineni Yashashwini Pothuganti Sonalika | F20: Vignan Institute of Technology and Science | G20: CSE | H20: 2nd Year | I20: 9515067709 7793963851 8332044969 | J20: =COUNTA('Team Wise'!D47:D49) -> 3 | K20: =COUNTIF('Team Wise'!K47:K49,"Present") -> 0 | P20: =IF(COUNT(L20:O20)=0,"",SUM(L20:O20)) | Q20: =IF(P20="","",P20/$P$4) | R20: =IF(P20="","",COUNTIFS($D$6:$D$219,D20,$P$6:$P$219,">"&P20)+1)
A21: 16 | B21: HV2-2026-OCT-3585 | C21: BrainRot Brats | D21: Artificial Intelligence (AI) | E21: Aasheerwad Sandhyapogu Vishal reddy Syed Omer | F21: Vignan Institute of Technology and Science | G21: CSE (AI&ML) | H21: 3rd Year | I21: 7702363562 9849019832 7981537348 | J21: =COUNTA('Team Wise'!D50:D52) -> 3 | K21: =COUNTIF('Team Wise'!K50:K52,"Present") -> 0 | P21: =IF(COUNT(L21:O21)=0,"",SUM(L21:O21)) | Q21: =IF(P21="","",P21/$P$4) | R21: =IF(P21="","",COUNTIFS($D$6:$D$219,D21,$P$6:$P$219,">"&P21)+1)
A22: 17 | B22: HV2-2026-OCT-3629 | C22: BroCode | D22: Artificial Intelligence (AI) | E22: Varshini Bodige Harika Gummalla Kancharla Manish Kumar | F22: Vignan Institute of Technology and Science | G22: CSE | H22: 2nd Year | I22: 9182392386 9121555751 9948437820 | J22: =COUNTA('Team Wise'!D53:D55) -> 3 | K22: =COUNTIF('Team Wise'!K53:K55,"Present") -> 0 | P22: =IF(COUNT(L22:O22)=0,"",SUM(L22:O22)) | Q22: =IF(P22="","",P22/$P$4) | R22: =IF(P22="","",COUNTIFS($D$6:$D$219,D22,$P$6:$P$219,">"&P22)+1)
A23: 18 | B23: HV2-2026-OCT-4616 | C23: Bug Slayers | D23: Artificial Intelligence (AI) | E23: Padarthi Divya Sri Chirra Hasini Chamakura Yamini | F23: ACE Engineering College | G23: CSE (DS) CSE (AI&ML) CSE (DS) | H23: 2nd Year | I23: 9618719572 8341223438 7989609328 | J23: =COUNTA('Team Wise'!D56:D58) -> 3 | K23: =COUNTIF('Team Wise'!K56:K58,"Present") -> 0 | P23: =IF(COUNT(L23:O23)=0,"",SUM(L23:O23)) | Q23: =IF(P23="","",P23/$P$4) | R23: =IF(P23="","",COUNTIFS($D$6:$D$219,D23,$P$6:$P$219,">"&P23)+1)
A24: 19 | B24: HV2-2026-OCT-9242 | C24: Clause's Plan | D24: Artificial Intelligence (AI) | E24: Sashreek Reddy Kanaparthy Aryan Sai Chandrakanth | F24: Vignan Institute of Technology and Science | G24: CSE | H24: 2nd Year | I24: 9059949889 7416481279 6281696284 | J24: =COUNTA('Team Wise'!D59:D61) -> 3 | K24: =COUNTIF('Team Wise'!K59:K61,"Present") -> 0 | P24: =IF(COUNT(L24:O24)=0,"",SUM(L24:O24)) | Q24: =IF(P24="","",P24/$P$4) | R24: =IF(P24="","",COUNTIFS($D$6:$D$219,D24,$P$6:$P$219,">"&P24)+1)
A25: 20 | B25: HV2-2026-OCT-9150 | C25: Code & Slay | D25: Artificial Intelligence (AI) | E25: Anthati Ruthika Ithagoni Jyothsnasri Kusuru Divya | F25: Vignan Institute of Technology and Science | G25: CSE | H25: 3rd Year | I25: 9705884131 9121954394 9391433725 | J25: =COUNTA('Team Wise'!D62:D64) -> 3 | K25: =COUNTIF('Team Wise'!K62:K64,"Present") -> 0 | P25: =IF(COUNT(L25:O25)=0,"",SUM(L25:O25)) | Q25: =IF(P25="","",P25/$P$4) | R25: =IF(P25="","",COUNTIFS($D$6:$D$219,D25,$P$6:$P$219,">"&P25)+1)
A26: 21 | B26: HV2-2026-OCT-5745 | C26: Code Blooded | D26: Artificial Intelligence (AI) | E26: Yamini Thirumani Puvvadi Sakhitha Harshitha Puliroju | F26: G Narayanamma Institute of Technology and Science (GNITS) | G26: CSE (DS) CSE (AI&ML) CSE (DS) | H26: 4th Year | I26: 7995693895 9398899334 6305406660 | J26: =COUNTA('Team Wise'!D65:D67) -> 3 | K26: =COUNTIF('Team Wise'!K65:K67,"Present") -> 0 | P26: =IF(COUNT(L26:O26)=0,"",SUM(L26:O26)) | Q26: =IF(P26="","",P26/$P$4) | R26: =IF(P26="","",COUNTIFS($D$6:$D$219,D26,$P$6:$P$219,">"&P26)+1)
A27: 22 | B27: HV2-2026-OCT-6128 | C27: Code cube | D27: Artificial Intelligence (AI) | E27: Padakanti varsha Ubbu Rohini Palsam Maneesha | F27: Vignan Institute of Technology and Science | G27: CSE | H27: 3rd Year | I27: 6304218536 9603272908 9014710274 | J27: =COUNTA('Team Wise'!D68:D70) -> 3 | K27: =COUNTIF('Team Wise'!K68:K70,"Present") -> 0 | P27: =IF(COUNT(L27:O27)=0,"",SUM(L27:O27)) | Q27: =IF(P27="","",P27/$P$4) | R27: =IF(P27="","",COUNTIFS($D$6:$D$219,D27,$P$6:$P$219,">"&P27)+1)
A28: 23 | B28: HV2-2026-OCT-4305 | C28: Code rush | D28: Artificial Intelligence (AI) | E28: chegurisahasra21 chegurisamaghna21 shivaniappala | F28: Vignan Institute of Technology and Science | G28: CSE | H28: 3rd Year | I28: 9573609225 9849747585 6304128615 | J28: =COUNTA('Team Wise'!D71:D73) -> 3 | K28: =COUNTIF('Team Wise'!K71:K73,"Present") -> 0 | P28: =IF(COUNT(L28:O28)=0,"",SUM(L28:O28)) | Q28: =IF(P28="","",P28/$P$4) | R28: =IF(P28="","",COUNTIFS($D$6:$D$219,D28,$P$6:$P$219,">"&P28)+1)
A29: 24 | B29: HV2-2026-OCT-5660 | C29: Code titans | D29: Artificial Intelligence (AI) | E29: Chada Vaishnavi Akshitha Deshagoni Srividya Alubilli | F29: Marri Laxman Reddy Institute of Technology and Management (MLRITM) | G29: CSE (AI&ML) | H29: 2nd Year | I29: 7702498268 9030380871 6281084832 | J29: =COUNTA('Team Wise'!D74:D76) -> 3 | K29: =COUNTIF('Team Wise'!K74:K76,"Present") -> 0 | P29: =IF(COUNT(L29:O29)=0,"",SUM(L29:O29)) | Q29: =IF(P29="","",P29/$P$4) | R29: =IF(P29="","",COUNTIFS($D$6:$D$219,D29,$P$6:$P$219,">"&P29)+1)
A30: 25 | B30: HV2-2026-OCT-9845 | C30: Code titans | D30: Artificial Intelligence (AI) | E30: Chindam Keerthana janipella sindhu tadaka akhila | F30: Vignan Institute of Technology and Science | G30: CSE (AI&ML) | H30: 2nd Year | I30: 8179992289 9573376307 8688196471 | J30: =COUNTA('Team Wise'!D77:D79) -> 3 | K30: =COUNTIF('Team Wise'!K77:K79,"Present") -> 0 | P30: =IF(COUNT(L30:O30)=0,"",SUM(L30:O30)) | Q30: =IF(P30="","",P30/$P$4) | R30: =IF(P30="","",COUNTIFS($D$6:$D$219,D30,$P$6:$P$219,">"&P30)+1)
A31: 26 | B31: HV2-2026-OCT-8620 | C31: Code × Crash | D31: Artificial Intelligence (AI) | E31: Daroori Abhignya S.Ruchitha Tejaswi Pendyala | F31: Vignan's Institute of Management and Technology for Women (VMTW) | G31: CSE (DS) | H31: 3rd Year | I31: 8247203142 9866193388 9391281815 | J31: =COUNTA('Team Wise'!D80:D82) -> 3 | K31: =COUNTIF('Team Wise'!K80:K82,"Present") -> 0 | P31: =IF(COUNT(L31:O31)=0,"",SUM(L31:O31)) | Q31: =IF(P31="","",P31/$P$4) | R31: =IF(P31="","",COUNTIFS($D$6:$D$219,D31,$P$6:$P$219,">"&P31)+1)
A32: 27 | B32: HV2-2026-OCT-6582 | C32: CodeAlpha | D32: Artificial Intelligence (AI) | E32: Golconda Yeshwanth Kumar Polepaka Mahesh Velpula Vyshali | F32: Anurag Engineering College (Kodad) | G32: CSE | H32: 3rd Year | I32: 7075320652 7013197272 9542224334 | J32: =COUNTA('Team Wise'!D83:D85) -> 3 | K32: =COUNTIF('Team Wise'!K83:K85,"Present") -> 0 | P32: =IF(COUNT(L32:O32)=0,"",SUM(L32:O32)) | Q32: =IF(P32="","",P32/$P$4) | R32: =IF(P32="","",COUNTIFS($D$6:$D$219,D32,$P$6:$P$219,">"&P32)+1)
A33: 28 | B33: HV2-2026-OCT-5487 | C33: CodeHelix | D33: Artificial Intelligence (AI) | E33: G.Rishitha K.shirisha Gondi Soumya reddy | F33: Vignan Institute of Technology and Science | G33: CSE | H33: 3rd Year | I33: 7997182157 9652166330 9848546409 | J33: =COUNTA('Team Wise'!D86:D88) -> 3 | K33: =COUNTIF('Team Wise'!K86:K88,"Present") -> 0 | P33: =IF(COUNT(L33:O33)=0,"",SUM(L33:O33)) | Q33: =IF(P33="","",P33/$P$4) | R33: =IF(P33="","",COUNTIFS($D$6:$D$219,D33,$P$6:$P$219,">"&P33)+1)
A34: 29 | B34: HV2-2026-OCT-3917 | C34: CodeMatriX | D34: Artificial Intelligence (AI) | E34: Krishna Chaitanya Anugu Nandini Yarramada Ashna Reddy Gangapuram | F34: Vignan Institute of Technology and Science | G34: CSE | H34: 2nd Year | I34: 7780401460 9063401449 9393833639 | J34: =COUNTA('Team Wise'!D89:D91) -> 3 | K34: =COUNTIF('Team Wise'!K89:K91,"Present") -> 0 | P34: =IF(COUNT(L34:O34)=0,"",SUM(L34:O34)) | Q34: =IF(P34="","",P34/$P$4) | R34: =IF(P34="","",COUNTIFS($D$6:$D$219,D34,$P$6:$P$219,">"&P34)+1)
A35: 30 | B35: HV2-2026-OCT-1244 | C35: CodeMind | D35: Artificial Intelligence (AI) | E35: BHUDHALA MADHAVI KASULA AKSHAYA PREETHI BARADO | F35: Vignan Institute of Technology and Science | G35: CSE (DS) | H35: 2nd Year | I35: 8179752894 9032915256 9603554602 | J35: =COUNTA('Team Wise'!D92:D94) -> 3 | K35: =COUNTIF('Team Wise'!K92:K94,"Present") -> 0 | P35: =IF(COUNT(L35:O35)=0,"",SUM(L35:O35)) | Q35: =IF(P35="","",P35/$P$4) | R35: =IF(P35="","",COUNTIFS($D$6:$D$219,D35,$P$6:$P$219,">"&P35)+1)
A36: 31 | B36: HV2-2026-OCT-6039 | C36: Codefusion | D36: Artificial Intelligence (AI) | E36: SHIVANI KURMA Ch Karthik Shaik Momin | F36: Marri Laxman Reddy Institute of Technology and Management (MLRITM) | G36: CSE (AI&ML) | H36: 3rd Year | I36: 9398471837 9493317442 9133153170 | J36: =COUNTA('Team Wise'!D95:D97) -> 3 | K36: =COUNTIF('Team Wise'!K95:K97,"Present") -> 0 | P36: =IF(COUNT(L36:O36)=0,"",SUM(L36:O36)) | Q36: =IF(P36="","",P36/$P$4) | R36: =IF(P36="","",COUNTIFS($D$6:$D$219,D36,$P$6:$P$219,">"&P36)+1)
A37: 32 | B37: HV2-2026-OCT-5283 | C37: Coders | D37: Artificial Intelligence (AI) | E37: Neelam Anjali Nikhil Mudigonda Srujana Sadhu | F37: KL University (KLH) | G37: CSE | H37: 4th Year 3rd Year 3rd Year | I37: 9985859422 8341664756 9491516765 | J37: =COUNTA('Team Wise'!D98:D100) -> 3 | K37: =COUNTIF('Team Wise'!K98:K100,"Present") -> 0 | P37: =IF(COUNT(L37:O37)=0,"",SUM(L37:O37)) | Q37: =IF(P37="","",P37/$P$4) | R37: =IF(P37="","",COUNTIFS($D$6:$D$219,D37,$P$6:$P$219,">"&P37)+1)
A38: 33 | B38: HV2-2026-OCT-8480 | C38: Coderush | D38: Artificial Intelligence (AI) | E38: Erra Akshitha Varsha Mattaparthi Damaraju guru Lakshmi manasa | F38: Sphoorthy Engineering College Vignan Institute of Technology and Science Matrusri Engineering College | G38: AI&ML CSE IT | H38: 3rd Year | I38: 9441830190 7989068069 6309804359 | J38: =COUNTA('Team Wise'!D101:D103) -> 3 | K38: =COUNTIF('Team Wise'!K101:K103,"Present") -> 0 | P38: =IF(COUNT(L38:O38)=0,"",SUM(L38:O38)) | Q38: =IF(P38="","",P38/$P$4) | R38: =IF(P38="","",COUNTIFS($D$6:$D$219,D38,$P$6:$P$219,">"&P38)+1)
A39: 34 | B39: HV2-2026-OCT-2455 | C39: Codex | D39: Artificial Intelligence (AI) | E39: Lingamgunta Pranav Abhivarun Bashapaka Shivashritej | F39: Vignan Institute of Technology and Science | G39: CSE | H39: 2nd Year | I39: 8179146995 9515659290 8179222881 | J39: =COUNTA('Team Wise'!D104:D106) -> 3 | K39: =COUNTIF('Team Wise'!K104:K106,"Present") -> 0 | P39: =IF(COUNT(L39:O39)=0,"",SUM(L39:O39)) | Q39: =IF(P39="","",P39/$P$4) | R39: =IF(P39="","",COUNTIFS($D$6:$D$219,D39,$P$6:$P$219,">"&P39)+1)
A40: 35 | B40: HV2-2026-OCT-5681 | C40: Codex | D40: Artificial Intelligence (AI) | E40: KARIVEDA ABHINAV REDDY Kashamalla spandana Ulloju anitha | F40: Vignan Institute of Technology and Science | G40: CSE (AI&ML) | H40: 3rd Year | I40: 8985144115 9182364536 9014367708 | J40: =COUNTA('Team Wise'!D107:D109) -> 3 | K40: =COUNTIF('Team Wise'!K107:K109,"Present") -> 0 | P40: =IF(COUNT(L40:O40)=0,"",SUM(L40:O40)) | Q40: =IF(P40="","",P40/$P$4) | R40: =IF(P40="","",COUNTIFS($D$6:$D$219,D40,$P$6:$P$219,">"&P40)+1)
A41: 36 | B41: HV2-2026-OCT-5738 | C41: Codinjas | D41: Artificial Intelligence (AI) | E41: POLE RAVITEJA Varahala Vishal Yashraj Bhuvakar | F41: Vardhaman College of Engineering VMEG VMEG | G41: IT ECE ECE | H41: 3rd Year | I41: 7569057424 9701417442 7386614171 | J41: =COUNTA('Team Wise'!D110:D112) -> 3 | K41: =COUNTIF('Team Wise'!K110:K112,"Present") -> 0 | P41: =IF(COUNT(L41:O41)=0,"",SUM(L41:O41)) | Q41: =IF(P41="","",P41/$P$4) | R41: =IF(P41="","",COUNTIFS($D$6:$D$219,D41,$P$6:$P$219,">"&P41)+1)
A42: 37 | B42: HV2-2026-OCT-3076 | C42: Cognivyx | D42: Artificial Intelligence (AI) | E42: Katkuri Lohitha Sravani Nomula Sowmya Patnam | F42: Vignan Institute of Technology and Science | G42: CSE | H42: 2nd Year | I42: 7386202278 9505472736 8374564428 | J42: =COUNTA('Team Wise'!D113:D115) -> 3 | K42: =COUNTIF('Team Wise'!K113:K115,"Present") -> 0 | P42: =IF(COUNT(L42:O42)=0,"",SUM(L42:O42)) | Q42: =IF(P42="","",P42/$P$4) | R42: =IF(P42="","",COUNTIFS($D$6:$D$219,D42,$P$6:$P$219,">"&P42)+1)
A43: 38 | B43: HV2-2026-OCT-3475 | C43: Cold Start | D43: Artificial Intelligence (AI) | E43: Bidarani Swathika Kannareddy Sriharini Sathuri Kavya | F43: Vignan Institute of Technology and Science | G43: CSE (DS) | H43: 3rd Year | I43: 8985668619 8978132468 9441082597 | J43: =COUNTA('Team Wise'!D116:D118) -> 3 | K43: =COUNTIF('Team Wise'!K116:K118,"Present") -> 0 | P43: =IF(COUNT(L43:O43)=0,"",SUM(L43:O43)) | Q43: =IF(P43="","",P43/$P$4) | R43: =IF(P43="","",COUNTIFS($D$6:$D$219,D43,$P$6:$P$219,">"&P43)+1)
A44: 39 | B44: HV2-2026-OCT-9141 | C44: CoreX | D44: Artificial Intelligence (AI) | E44: Kavya deepika Hemasri Lakshmi prassana | F44: Vignan's Institute of Management and Technology for Women (VMTW) | G44: CSE CSE (DS) CSE (DS) | H44: 3rd Year | I44: 9494880185 8125617760 9490082345 | J44: =COUNTA('Team Wise'!D119:D121) -> 3 | K44: =COUNTIF('Team Wise'!K119:K121,"Present") -> 0 | P44: =IF(COUNT(L44:O44)=0,"",SUM(L44:O44)) | Q44: =IF(P44="","",P44/$P$4) | R44: =IF(P44="","",COUNTIFS($D$6:$D$219,D44,$P$6:$P$219,">"&P44)+1)
A45: 40 | B45: HV2-2026-OCT-9608 | C45: Cube.x | D45: Artificial Intelligence (AI) | E45: MARAM KARTHIK REDDY ENDHURI RAGHU VADIKARI KALYAN | F45: Vignan Institute of Technology and Science | G45: AIDS | H45: 3rd Year | I45: 8186971796 7093332320 6304255210 | J45: =COUNTA('Team Wise'!D122:D124) -> 3 | K45: =COUNTIF('Team Wise'!K122:K124,"Present") -> 0 | P45: =IF(COUNT(L45:O45)=0,"",SUM(L45:O45)) | Q45: =IF(P45="","",P45/$P$4) | R45: =IF(P45="","",COUNTIFS($D$6:$D$219,D45,$P$6:$P$219,">"&P45)+1)
A46: 41 | B46: HV2-2026-OCT-6405 | C46: DATA HAMMERS | D46: Artificial Intelligence (AI) | E46: NENAVATH RAM CHETAN NAYAK Bheemagani Sai Varshit Goud Palakurla Raghavendra Goud | F46: Vignan Institute of Technology and Science | G46: CSE (AI&ML) | H46: 2nd Year | I46: 9182330474 9381651962 9059736124 | J46: =COUNTA('Team Wise'!D125:D127) -> 3 | K46: =COUNTIF('Team Wise'!K125:K127,"Present") -> 0 | P46: =IF(COUNT(L46:O46)=0,"",SUM(L46:O46)) | Q46: =IF(P46="","",P46/$P$4) | R46: =IF(P46="","",COUNTIFS($D$6:$D$219,D46,$P$6:$P$219,">"&P46)+1)
A47: 42 | B47: HV2-2026-OCT-5977 | C47: DOMAIN EXPANSION | D47: Artificial Intelligence (AI) | E47: Sudeepthi Chinnala Bandi Laxmi Deepak Pothuganti Samreen | F47: Geethanjali College of Engineering and Technology | G47: CSE | H47: 2nd Year | I47: 8332881265 8247770962 9182949562 | J47: =COUNTA('Team Wise'!D128:D130) -> 3 | K47: =COUNTIF('Team Wise'!K128:K130,"Present") -> 0 | P47: =IF(COUNT(L47:O47)=0,"",SUM(L47:O47)) | Q47: =IF(P47="","",P47/$P$4) | R47: =IF(P47="","",COUNTIFS($D$6:$D$219,D47,$P$6:$P$219,">"&P47)+1)
A48: 43 | B48: HV2-2026-OCT-2612 | C48: Deep Learners | D48: Artificial Intelligence (AI) | E48: VELURU SUPRITHA C.V.VAISHNAVI C.SREEVIDYA REDDY | F48: Srinivasa Ramanujan Institute of Technology | G48: CSE (DS) | H48: 2nd Year | I48: 8309609041 7382695671 6302517655 | J48: =COUNTA('Team Wise'!D131:D133) -> 3 | K48: =COUNTIF('Team Wise'!K131:K133,"Present") -> 0 | P48: =IF(COUNT(L48:O48)=0,"",SUM(L48:O48)) | Q48: =IF(P48="","",P48/$P$4) | R48: =IF(P48="","",COUNTIFS($D$6:$D$219,D48,$P$6:$P$219,">"&P48)+1)
A49: 44 | B49: HV2-2026-OCT-5266 | C49: DeepSpark | D49: Artificial Intelligence (AI) | E49: Pininti Sandeep Reddy Salivoju Shashikiran Amireddy Ram charan Reddy | F49: Vignan Institute of Technology and Science | G49: CSE | H49: 3rd Year | I49: 9059340657 8341620419 8074820329 | J49: =COUNTA('Team Wise'!D134:D136) -> 3 | K49: =COUNTIF('Team Wise'!K134:K136,"Present") -> 0 | P49: =IF(COUNT(L49:O49)=0,"",SUM(L49:O49)) | Q49: =IF(P49="","",P49/$P$4) | R49: =IF(P49="","",COUNTIFS($D$6:$D$219,D49,$P$6:$P$219,">"&P49)+1)
A50: 45 | B50: HV2-2026-OCT-4965 | C50: ELITEX | D50: Artificial Intelligence (AI) | E50: POOJITH GOVINDARAJULA MUTHYALA ANANYA ABHIRAAM AERUKONDA | F50: Geethanjali College of Engineering and Technology | G50: CSE | H50: 2nd Year | I50: 8555928347 8919338676 8985237853 | J50: =COUNTA('Team Wise'!D137:D139) -> 3 | K50: =COUNTIF('Team Wise'!K137:K139,"Present") -> 0 | P50: =IF(COUNT(L50:O50)=0,"",SUM(L50:O50)) | Q50: =IF(P50="","",P50/$P$4) | R50: =IF(P50="","",COUNTIFS($D$6:$D$219,D50,$P$6:$P$219,">"&P50)+1)
A51: 46 | B51: HV2-2026-OCT-6598 | C51: Echo | D51: Artificial Intelligence (AI) | E51: M. Samuel Justin K.Siddharth M. Akshay Varshith | F51: Vignan Institute of Technology and Science | G51: CSE (DS) | H51: 2nd Year | I51: 8134127379 9505437046 8885002067 | J51: =COUNTA('Team Wise'!D140:D142) -> 3 | K51: =COUNTIF('Team Wise'!K140:K142,"Present") -> 0 | P51: =IF(COUNT(L51:O51)=0,"",SUM(L51:O51)) | Q51: =IF(P51="","",P51/$P$4) | R51: =IF(P51="","",COUNTIFS($D$6:$D$219,D51,$P$6:$P$219,">"&P51)+1)
A52: 47 | B52: HV2-2026-OCT-3027 | C52: Elysia | D52: Artificial Intelligence (AI) | E52: Pravalika Umaji Soma Sai Vaishnavi Keerthi Reddy | F52: Vignan Institute of Technology and Science Vignan Institute of Technology and Science Maturi Venkata Subba Rao Engineering College (MVSR) | G52: CSE (DS) CSE (DS) CSE | H52: 2nd Year | I52: 9391375254 7093625197 9495989999 | J52: =COUNTA('Team Wise'!D143:D145) -> 3 | K52: =COUNTIF('Team Wise'!K143:K145,"Present") -> 0 | P52: =IF(COUNT(L52:O52)=0,"",SUM(L52:O52)) | Q52: =IF(P52="","",P52/$P$4) | R52: =IF(P52="","",COUNTIFS($D$6:$D$219,D52,$P$6:$P$219,">"&P52)+1)
A53: 48 | B53: HV2-2026-OCT-8093 | C53: Future stack | D53: Artificial Intelligence (AI) | E53: Jeshwanth Sura Tharun Pandugula Santhosh Revalli | F53: Vignan Institute of Technology and Science | G53: CSE | H53: 3rd Year | I53: 9398020156 7981767311 9989570190 | J53: =COUNTA('Team Wise'!D146:D148) -> 3 | K53: =COUNTIF('Team Wise'!K146:K148,"Present") -> 0 | P53: =IF(COUNT(L53:O53)=0,"",SUM(L53:O53)) | Q53: =IF(P53="","",P53/$P$4) | R53: =IF(P53="","",COUNTIFS($D$6:$D$219,D53,$P$6:$P$219,">"&P53)+1)
A54: 49 | B54: HV2-2026-OCT-8971 | C54: GradientX | D54: Artificial Intelligence (AI) | E54: KASULA NANDA RAMESH Dahagama Sreeshanth Anunay Anumasa | F54: CVR College of Engineering | G54: CSE | H54: 3rd Year | I54: 7232888276 9381501331 7659932027 | J54: =COUNTA('Team Wise'!D149:D151) -> 3 | K54: =COUNTIF('Team Wise'!K149:K151,"Present") -> 0 | P54: =IF(COUNT(L54:O54)=0,"",SUM(L54:O54)) | Q54: =IF(P54="","",P54/$P$4) | R54: =IF(P54="","",COUNTIFS($D$6:$D$219,D54,$P$6:$P$219,">"&P54)+1)
A55: 50 | B55: HV2-2026-OCT-7433 | C55: HACK HUSTLERS | D55: Artificial Intelligence (AI) | E55: MD ISMAIL ANSARI A Lucky K.Chethan | F55: Vignan's Foundation for Science, Technology & Research (Vignan University) | G55: CSE | H55: 1st Year | I55: 8235520824 8309838926 7601006224 | J55: =COUNTA('Team Wise'!D152:D154) -> 3 | K55: =COUNTIF('Team Wise'!K152:K154,"Present") -> 0 | P55: =IF(COUNT(L55:O55)=0,"",SUM(L55:O55)) | Q55: =IF(P55="","",P55/$P$4) | R55: =IF(P55="","",COUNTIFS($D$6:$D$219,D55,$P$6:$P$219,">"&P55)+1)
A56: 51 | B56: HV2-2026-OCT-8871 | C56: Hack Elite | D56: Artificial Intelligence (AI) | E56: Vulli Mokshasri Bandela Shriya Bhoomika Podduturi | F56: Vignan Institute of Technology and Science | G56: CSE (AI&ML) | H56: 2nd Year | I56: 9182549412 8341714544 7989485147 | J56: =COUNTA('Team Wise'!D155:D157) -> 3 | K56: =COUNTIF('Team Wise'!K155:K157,"Present") -> 0 | P56: =IF(COUNT(L56:O56)=0,"",SUM(L56:O56)) | Q56: =IF(P56="","",P56/$P$4) | R56: =IF(P56="","",COUNTIFS($D$6:$D$219,D56,$P$6:$P$219,">"&P56)+1)
A57: 52 | B57: HV2-2026-OCT-4572 | C57: Hack Hive | D57: Artificial Intelligence (AI) | E57: Lavanam Hansika Ariba Naaz Sirishala Ganesh | F57: Vignan Institute of Technology and Science | G57: CSE CSE CSE (AI&ML) | H57: 2nd Year | I57: 7995654961 9110579227 9392160482 | J57: =COUNTA('Team Wise'!D158:D160) -> 3 | K57: =COUNTIF('Team Wise'!K158:K160,"Present") -> 0 | P57: =IF(COUNT(L57:O57)=0,"",SUM(L57:O57)) | Q57: =IF(P57="","",P57/$P$4) | R57: =IF(P57="","",COUNTIFS($D$6:$D$219,D57,$P$6:$P$219,">"&P57)+1)
A58: 53 | B58: HV2-2026-OCT-3356 | C58: Hack Terminators | D58: Artificial Intelligence (AI) | E58: Patil.RamyaSri Singireddy.Siri Yellanki.Sirivennela | F58: Vignan Institute of Technology and Science | G58: AIDS | H58: 1st Year | I58: 8341507702 7386864751 7095891137 | J58: =COUNTA('Team Wise'!D161:D163) -> 3 | K58: =COUNTIF('Team Wise'!K161:K163,"Present") -> 0 | P58: =IF(COUNT(L58:O58)=0,"",SUM(L58:O58)) | Q58: =IF(P58="","",P58/$P$4) | R58: =IF(P58="","",COUNTIFS($D$6:$D$219,D58,$P$6:$P$219,">"&P58)+1)
A59: 54 | B59: HV2-2026-OCT-8826 | C59: Hack Titans | D59: Artificial Intelligence (AI) | E59: Miryala Akshitha Donuru spoorthi Surakanti Sowmya | F59: Vignan Institute of Technology and Science | G59: CSE AIDS CSE | H59: 3rd Year | I59: 9000528288 8332864311 7569280623 | J59: =COUNTA('Team Wise'!D164:D166) -> 3 | K59: =COUNTIF('Team Wise'!K164:K166,"Present") -> 0 | P59: =IF(COUNT(L59:O59)=0,"",SUM(L59:O59)) | Q59: =IF(P59="","",P59/$P$4) | R59: =IF(P59="","",COUNTIFS($D$6:$D$219,D59,$P$6:$P$219,">"&P59)+1)
A60: 55 | B60: HV2-2026-OCT-5593 | C60: HackBuddies | D60: Artificial Intelligence (AI) | E60: Valleti Bhuvana Vemparala Jyothika Jarupula Sneha | F60: Vignan Institute of Technology and Science | G60: CSE | H60: 3rd Year | I60: 9701430714 9848136515 8897506943 | J60: =COUNTA('Team Wise'!D167:D169) -> 3 | K60: =COUNTIF('Team Wise'!K167:K169,"Present") -> 0 | P60: =IF(COUNT(L60:O60)=0,"",SUM(L60:O60)) | Q60: =IF(P60="","",P60/$P$4) | R60: =IF(P60="","",COUNTIFS($D$6:$D$219,D60,$P$6:$P$219,">"&P60)+1)
A61: 56 | B61: HV2-2026-OCT-1722 | C61: HackForge | D61: Artificial Intelligence (AI) | E61: Jasmitha Kuppala Gayathri Gorugantula Vuppala Rithvik | F61: KL University (KLH) | G61: CSE | H61: 2nd Year | I61: 9395543838 7993920531 7675054385 | J61: =COUNTA('Team Wise'!D170:D172) -> 3 | K61: =COUNTIF('Team Wise'!K170:K172,"Present") -> 0 | P61: =IF(COUNT(L61:O61)=0,"",SUM(L61:O61)) | Q61: =IF(P61="","",P61/$P$4) | R61: =IF(P61="","",COUNTIFS($D$6:$D$219,D61,$P$6:$P$219,">"&P61)+1)
A62: 57 | B62: HV2-2026-OCT-6350 | C62: Hackfusion | D62: Artificial Intelligence (AI) | E62: Bathini Tulasi Bathini Shravani Udugula Bhavani | F62: Vignan's Institute of Management and Technology for Women (VMTW) BVRW Vignan's Institute of Management and Technology for Women (VMTW) | G62: CSE (AI&ML) | H62: 3rd Year 2nd Year 3rd Year | I62: 9014711657 7993837212 8179217915 | J62: =COUNTA('Team Wise'!D173:D175) -> 3 | K62: =COUNTIF('Team Wise'!K173:K175,"Present") -> 0 | P62: =IF(COUNT(L62:O62)=0,"",SUM(L62:O62)) | Q62: =IF(P62="","",P62/$P$4) | R62: =IF(P62="","",COUNTIFS($D$6:$D$219,D62,$P$6:$P$219,">"&P62)+1)
A63: 58 | B63: HV2-2026-OCT-4497 | C63: Hackhive | D63: Artificial Intelligence (AI) | E63: M. Sai Rishitha N.Harini V. Akshaya | F63: Vignan Institute of Technology and Science | G63: CSE | H63: 3rd Year | I63: 8179722970 7075533909 8978346652 | J63: =COUNTA('Team Wise'!D176:D178) -> 3 | K63: =COUNTIF('Team Wise'!K176:K178,"Present") -> 0 | P63: =IF(COUNT(L63:O63)=0,"",SUM(L63:O63)) | Q63: =IF(P63="","",P63/$P$4) | R63: =IF(P63="","",COUNTIFS($D$6:$D$219,D63,$P$6:$P$219,">"&P63)+1)
A64: 59 | B64: HV2-2026-OCT-5005 | C64: Hacknova | D64: Artificial Intelligence (AI) | E64: Varshini Marthy Gayathri Methuku Soumya Jakkulwar | F64: Bhoj Reddy Engineering College for Women | G64: CSE CSE IT | H64: 3rd Year | I64: 7671819408 9032388119 8179569930 | J64: =COUNTA('Team Wise'!D179:D181) -> 3 | K64: =COUNTIF('Team Wise'!K179:K181,"Present") -> 0 | P64: =IF(COUNT(L64:O64)=0,"",SUM(L64:O64)) | Q64: =IF(P64="","",P64/$P$4) | R64: =IF(P64="","",COUNTIFS($D$6:$D$219,D64,$P$6:$P$219,">"&P64)+1)
A65: 60 | B65: HV2-2026-OCT-8157 | C65: Hexora | D65: Artificial Intelligence (AI) | E65: Gundampalli Pranatheeshwari Vokkerla Anushna Yendapalli Devayani | F65: ACE Engineering College | G65: CSE | H65: 3rd Year | I65: 7013761303 9392265252 8639937320 | J65: =COUNTA('Team Wise'!D182:D184) -> 3 | K65: =COUNTIF('Team Wise'!K182:K184,"Present") -> 0 | P65: =IF(COUNT(L65:O65)=0,"",SUM(L65:O65)) | Q65: =IF(P65="","",P65/$P$4) | R65: =IF(P65="","",COUNTIFS($D$6:$D$219,D65,$P$6:$P$219,">"&P65)+1)
A66: 61 | B66: HV2-2026-OCT-5294 | C66: Idea Crew | D66: Artificial Intelligence (AI) | E66: Kaja Naga Sai Neha Murki Rishika Chirra Harshini | F66: ACE Engineering College | G66: CSE (DS) | H66: 2nd Year | I66: 7675050483 9063644384 9704223438 | J66: =COUNTA('Team Wise'!D185:D187) -> 3 | K66: =COUNTIF('Team Wise'!K185:K187,"Present") -> 0 | P66: =IF(COUNT(L66:O66)=0,"",SUM(L66:O66)) | Q66: =IF(P66="","",P66/$P$4) | R66: =IF(P66="","",COUNTIFS($D$6:$D$219,D66,$P$6:$P$219,">"&P66)+1)
A67: 62 | B67: HV2-2026-OCT-1749 | C67: ImpactNexus | D67: Artificial Intelligence (AI) | E67: Dharavath Santhosh Sura Rithwika Chinavath Maheshwari | F67: Vignan Institute of Technology and Science | G67: CSE | H67: 2nd Year | I67: 8897747716 9281416550 8523872380 | J67: =COUNTA('Team Wise'!D188:D190) -> 3 | K67: =COUNTIF('Team Wise'!K188:K190,"Present") -> 0 | P67: =IF(COUNT(L67:O67)=0,"",SUM(L67:O67)) | Q67: =IF(P67="","",P67/$P$4) | R67: =IF(P67="","",COUNTIFS($D$6:$D$219,D67,$P$6:$P$219,">"&P67)+1)
A68: 63 | B68: HV2-2026-OCT-5333 | C68: Infinite loopers | D68: Artificial Intelligence (AI) | E68: Varshitha Renusri Siri | F68: Vignan Institute of Technology and Science | G68: CSE (AI&ML) | H68: 2nd Year | I68: 8341738479 7893409216 9652029595 | J68: =COUNTA('Team Wise'!D191:D193) -> 3 | K68: =COUNTIF('Team Wise'!K191:K193,"Present") -> 0 | P68: =IF(COUNT(L68:O68)=0,"",SUM(L68:O68)) | Q68: =IF(P68="","",P68/$P$4) | R68: =IF(P68="","",COUNTIFS($D$6:$D$219,D68,$P$6:$P$219,">"&P68)+1)
A69: 64 | B69: HV2-2026-OCT-3907 | C69: Infinity cxders | D69: Artificial Intelligence (AI) | E69: Yerra Hemanth Reddy K . Nikhil Chityala Divyansh | F69: Nalla Narasimha Reddy Group of Institutions (NNRG) | G69: CSE | H69: 2nd Year | I69: 8919233514 7993529040 8328212216 | J69: =COUNTA('Team Wise'!D194:D196) -> 3 | K69: =COUNTIF('Team Wise'!K194:K196,"Present") -> 0 | P69: =IF(COUNT(L69:O69)=0,"",SUM(L69:O69)) | Q69: =IF(P69="","",P69/$P$4) | R69: =IF(P69="","",COUNTIFS($D$6:$D$219,D69,$P$6:$P$219,">"&P69)+1)
A70: 65 | B70: HV2-2026-OCT-7473 | C70: Innovexa | D70: Artificial Intelligence (AI) | E70: Battini Navya Sri Gummuluri Durga Priyanka Pullemla Akshara Krupa | F70: Vignan Institute of Technology and Science | G70: CSE | H70: 2nd Year | I70: 8519890464 8074218415 9989260349 | J70: =COUNTA('Team Wise'!D197:D199) -> 3 | K70: =COUNTIF('Team Wise'!K197:K199,"Present") -> 0 | P70: =IF(COUNT(L70:O70)=0,"",SUM(L70:O70)) | Q70: =IF(P70="","",P70/$P$4) | R70: =IF(P70="","",COUNTIFS($D$6:$D$219,D70,$P$6:$P$219,">"&P70)+1)
A71: 66 | B71: HV2-2026-OCT-9134 | C71: Innovexa | D71: Artificial Intelligence (AI) | E71: Ananthala Sanjana Chimmula Akshitha Ganji Shivani | F71: Vignan Institute of Technology and Science | G71: CSE (AI&ML) | H71: 2nd Year | I71: 7032614095 9912931952 7386765948 | J71: =COUNTA('Team Wise'!D200:D202) -> 3 | K71: =COUNTIF('Team Wise'!K200:K202,"Present") -> 0 | P71: =IF(COUNT(L71:O71)=0,"",SUM(L71:O71)) | Q71: =IF(P71="","",P71/$P$4) | R71: =IF(P71="","",COUNTIFS($D$6:$D$219,D71,$P$6:$P$219,">"&P71)+1)
A72: 67 | B72: HV2-2026-OCT-1817 | C72: Innovix | D72: Artificial Intelligence (AI) | E72: Pooja Madhuri Danduprolu B. Veera durgasri Ch.Haripriya | F72: V.S.M College of Engineering | G72: CSE | H72: 3rd Year | I72: 6301332400 7396764088 7780480106 | J72: =COUNTA('Team Wise'!D203:D205) -> 3 | K72: =COUNTIF('Team Wise'!K203:K205,"Present") -> 0 | P72: =IF(COUNT(L72:O72)=0,"",SUM(L72:O72)) | Q72: =IF(P72="","",P72/$P$4) | R72: =IF(P72="","",COUNTIFS($D$6:$D$219,D72,$P$6:$P$219,">"&P72)+1)
A73: 68 | B73: HV2-2026-OCT-2772 | C73: Jarvis | D73: Artificial Intelligence (AI) | E73: Grishmitha Yarlagadda Gouni Druthi Dellapurlolu Sai Kiran | F73: CMR Institute of Technology | G73: CSE (AI&ML) | H73: 3rd Year | I73: 7416365949 8008803379 9346098128 | J73: =COUNTA('Team Wise'!D206:D208) -> 3 | K73: =COUNTIF('Team Wise'!K206:K208,"Present") -> 0 | P73: =IF(COUNT(L73:O73)=0,"",SUM(L73:O73)) | Q73: =IF(P73="","",P73/$P$4) | R73: =IF(P73="","",COUNTIFS($D$6:$D$219,D73,$P$6:$P$219,">"&P73)+1)
A74: 69 | B74: HV2-2026-OCT-9662 | C74: KANYA RASHI | D74: Artificial Intelligence (AI) | E74: RAJKUMAR MANEM CHILUVERU ADITHYA RAMPALLI KOUSHIK | F74: Vignan Institute of Technology and Science | G74: AIDS | H74: 3rd Year | I74: 9392567033 9640901192 6300500804 | J74: =COUNTA('Team Wise'!D209:D211) -> 3 | K74: =COUNTIF('Team Wise'!K209:K211,"Present") -> 0 | P74: =IF(COUNT(L74:O74)=0,"",SUM(L74:O74)) | Q74: =IF(P74="","",P74/$P$4) | R74: =IF(P74="","",COUNTIFS($D$6:$D$219,D74,$P$6:$P$219,">"&P74)+1)
A75: 70 | B75: HV2-2026-OCT-8023 | C75: KODERA | D75: Artificial Intelligence (AI) | E75: Akshara Boddoju Adepu shiva kumar Garikapati kundana | F75: Stanley Engineering College DRK Institute of Science and Technology Vignan's Institute of Management and Technology for Women (VMTW) | G75: CSE CSE (DS) CSE (DS) | H75: 3rd Year | I75: 8555945464 7569918817 8919745409 | J75: =COUNTA('Team Wise'!D212:D214) -> 3 | K75: =COUNTIF('Team Wise'!K212:K214,"Present") -> 0 | P75: =IF(COUNT(L75:O75)=0,"",SUM(L75:O75)) | Q75: =IF(P75="","",P75/$P$4) | R75: =IF(P75="","",COUNTIFS($D$6:$D$219,D75,$P$6:$P$219,">"&P75)+1)
A76: 71 | B76: HV2-2026-OCT-9403 | C76: Kairos | D76: Artificial Intelligence (AI) | E76: Sankarapu Kausalya Valishetti Himabindhu Saika Kolluri | F76: Vignan Institute of Technology and Science Vignan Institute of Technology and Science Holy Mary Institute of Technology and Science | G76: CSE (DS) CSE (DS) CSE | H76: 3rd Year | I76: 8555946421 9346713791 8790840903 | J76: =COUNTA('Team Wise'!D215:D217) -> 3 | K76: =COUNTIF('Team Wise'!K215:K217,"Present") -> 0 | P76: =IF(COUNT(L76:O76)=0,"",SUM(L76:O76)) | Q76: =IF(P76="","",P76/$P$4) | R76: =IF(P76="","",COUNTIFS($D$6:$D$219,D76,$P$6:$P$219,">"&P76)+1)
A77: 72 | B77: HV2-2026-OCT-2217 | C77: Kanya Rasi | D77: Artificial Intelligence (AI) | E77: Sneha Nomula Vennamaneni Harshini Tallapally Manognya | F77: Vignan Institute of Technology and Science | G77: CSE (AI&ML) | H77: 4th Year | I77: 9381130962 8639144995 9154508984 | J77: =COUNTA('Team Wise'!D218:D220) -> 3 | K77: =COUNTIF('Team Wise'!K218:K220,"Present") -> 0 | P77: =IF(COUNT(L77:O77)=0,"",SUM(L77:O77)) | Q77: =IF(P77="","",P77/$P$4) | R77: =IF(P77="","",COUNTIFS($D$6:$D$219,D77,$P$6:$P$219,">"&P77)+1)
A78: 73 | B78: HV2-2026-OCT-9308 | C78: Kanyarasi | D78: Artificial Intelligence (AI) | E78: Dhanush Ashritha M Narotham | F78: Nalla Narasimha Reddy Group of Institutions (NNRG) | G78: AI&ML | H78: 4th Year | I78: 7901499699 8985889036 9346960067 | J78: =COUNTA('Team Wise'!D221:D223) -> 3 | K78: =COUNTIF('Team Wise'!K221:K223,"Present") -> 0 | P78: =IF(COUNT(L78:O78)=0,"",SUM(L78:O78)) | Q78: =IF(P78="","",P78/$P$4) | R78: =IF(P78="","",COUNTIFS($D$6:$D$219,D78,$P$6:$P$219,">"&P78)+1)
A79: 74 | B79: HV2-2026-OCT-4737 | C79: Koderz | D79: Artificial Intelligence (AI) | E79: Pulamoni Naveen G. Koushik rebelli ashok | F79: Vignan Institute of Technology and Science | G79: ECE | H79: 3rd Year | I79: 7013885070 9515857811 8919591926 | J79: =COUNTA('Team Wise'!D224:D226) -> 3 | K79: =COUNTIF('Team Wise'!K224:K226,"Present") -> 0 | P79: =IF(COUNT(L79:O79)=0,"",SUM(L79:O79)) | Q79: =IF(P79="","",P79/$P$4) | R79: =IF(P79="","",COUNTIFS($D$6:$D$219,D79,$P$6:$P$219,">"&P79)+1)
A80: 75 | B80: HV2-2026-OCT-7335 | C80: Logic Crafters | D80: Artificial Intelligence (AI) | E80: Ravula Koushik Reddy Guduru Revanth Reddy Jagaraspalli Arshad mohammad | F80: Vignan Institute of Technology and Science | G80: CSE (DS) | H80: 2nd Year | I80: 9948408216 8885690661 9640625522 | J80: =COUNTA('Team Wise'!D227:D229) -> 3 | K80: =COUNTIF('Team Wise'!K227:K229,"Present") -> 0 | P80: =IF(COUNT(L80:O80)=0,"",SUM(L80:O80)) | Q80: =IF(P80="","",P80/$P$4) | R80: =IF(P80="","",COUNTIFS($D$6:$D$219,D80,$P$6:$P$219,">"&P80)+1)
A81: 76 | B81: HV2-2026-OCT-2149 | C81: MNV | D81: Artificial Intelligence (AI) | E81: SAATU NAVYA SANDHI MOUNIKA MACHANAPALLY VISHAL GOUD | F81: Vignan Institute of Technology and Science | G81: CSE (AI&ML) | H81: 2nd Year | I81: 9912390007 9063598811 9182832455 | J81: =COUNTA('Team Wise'!D230:D232) -> 3 | K81: =COUNTIF('Team Wise'!K230:K232,"Present") -> 0 | P81: =IF(COUNT(L81:O81)=0,"",SUM(L81:O81)) | Q81: =IF(P81="","",P81/$P$4) | R81: =IF(P81="","",COUNTIFS($D$6:$D$219,D81,$P$6:$P$219,">"&P81)+1)
A82: 77 | B82: HV2-2026-OCT-5585 | C82: Mind Mesh | D82: Artificial Intelligence (AI) | E82: Sadwik Bussala Alugubelli Lokesh Reddy Sanjay Reddy Adulla | F82: Vignan Institute of Technology and Science | G82: CSE | H82: 3rd Year | I82: 9676439097 7670985522 9182435905 | J82: =COUNTA('Team Wise'!D233:D235) -> 3 | K82: =COUNTIF('Team Wise'!K233:K235,"Present") -> 0 | P82: =IF(COUNT(L82:O82)=0,"",SUM(L82:O82)) | Q82: =IF(P82="","",P82/$P$4) | R82: =IF(P82="","",COUNTIFS($D$6:$D$219,D82,$P$6:$P$219,">"&P82)+1)
A83: 78 | B83: HV2-2026-OCT-1845 | C83: NEXVION | D83: Artificial Intelligence (AI) | E83: Abbendha lokesh chandra Sukanti manasa Palle Jaswanth reddy | F83: Vignan Institute of Technology and Science | G83: CSE (AI&ML) | H83: 2nd Year | I83: 7993062038 9989384694 7093931689 | J83: =COUNTA('Team Wise'!D236:D238) -> 3 | K83: =COUNTIF('Team Wise'!K236:K238,"Present") -> 0 | P83: =IF(COUNT(L83:O83)=0,"",SUM(L83:O83)) | Q83: =IF(P83="","",P83/$P$4) | R83: =IF(P83="","",COUNTIFS($D$6:$D$219,D83,$P$6:$P$219,">"&P83)+1)
A84: 79 | B84: HV2-2026-OCT-2443 | C84: Namkeen | D84: Artificial Intelligence (AI) | E84: A.Navatej U.Khageswararao Ch.Mahaveer | F84: Vignan Institute of Technology and Science | G84: CSE (DS) | H84: 3rd Year | I84: 7569086727 9110504494 8008255141 | J84: =COUNTA('Team Wise'!D239:D241) -> 3 | K84: =COUNTIF('Team Wise'!K239:K241,"Present") -> 0 | P84: =IF(COUNT(L84:O84)=0,"",SUM(L84:O84)) | Q84: =IF(P84="","",P84/$P$4) | R84: =IF(P84="","",COUNTIFS($D$6:$D$219,D84,$P$6:$P$219,">"&P84)+1)
A85: 80 | B85: HV2-2026-OCT-1024 | C85: Nanoneurons | D85: Artificial Intelligence (AI) | E85: Kunchala kavya Kunchala chethana priya Gajula Abhiram | F85: Vignan Institute of Technology and Science Ellenki College of Engineering and Technology JNTU Hyderabad | G85: CSE (AI&ML) CSE ECE | H85: 4th Year 1st Year Postgraduate | I85: 9542222197 9542222199 8688226299 | J85: =COUNTA('Team Wise'!D242:D244) -> 3 | K85: =COUNTIF('Team Wise'!K242:K244,"Present") -> 0 | P85: =IF(COUNT(L85:O85)=0,"",SUM(L85:O85)) | Q85: =IF(P85="","",P85/$P$4) | R85: =IF(P85="","",COUNTIFS($D$6:$D$219,D85,$P$6:$P$219,">"&P85)+1)
A86: 81 | B86: HV2-2026-OCT-9119 | C86: Nerd coders | D86: Artificial Intelligence (AI) | E86: Myle Tejaswini Mrudula Nalabothu Chidimillasruthiswaraj | F86: Vignan Institute of Technology and Science | G86: CSE | H86: 3rd Year | I86: 8247722834 9398756567 8121648699 | J86: =COUNTA('Team Wise'!D245:D247) -> 3 | K86: =COUNTIF('Team Wise'!K245:K247,"Present") -> 0 | P86: =IF(COUNT(L86:O86)=0,"",SUM(L86:O86)) | Q86: =IF(P86="","",P86/$P$4) | R86: =IF(P86="","",COUNTIFS($D$6:$D$219,D86,$P$6:$P$219,">"&P86)+1)
A87: 82 | B87: HV2-2026-OCT-1575 | C87: Neural Grid | D87: Artificial Intelligence (AI) | E87: KARRE AMRITHA KUMAR DONTHULA AKSHARA DHULAM ARAVIND | F87: Marri Laxman Reddy Institute of Technology and Management (MLRITM) | G87: CSE (AI&ML) | H87: 3rd Year | I87: 9849999234 9987128598 6300298946 | J87: =COUNTA('Team Wise'!D248:D250) -> 3 | K87: =COUNTIF('Team Wise'!K248:K250,"Present") -> 0 | P87: =IF(COUNT(L87:O87)=0,"",SUM(L87:O87)) | Q87: =IF(P87="","",P87/$P$4) | R87: =IF(P87="","",COUNTIFS($D$6:$D$219,D87,$P$6:$P$219,">"&P87)+1)
A88: 83 | B88: HV2-2026-OCT-1144 | C88: Neural Ninjas | D88: Artificial Intelligence (AI) | E88: Sathwika Hanumanthula Anna Srija P Sai Geethika | F88: G Narayanamma Institute of Technology and Science (GNITS) | G88: CSE | H88: 3rd Year | I88: 7386382512 7601092610 8639931455 | J88: =COUNTA('Team Wise'!D251:D253) -> 3 | K88: =COUNTIF('Team Wise'!K251:K253,"Present") -> 0 | P88: =IF(COUNT(L88:O88)=0,"",SUM(L88:O88)) | Q88: =IF(P88="","",P88/$P$4) | R88: =IF(P88="","",COUNTIFS($D$6:$D$219,D88,$P$6:$P$219,">"&P88)+1)
A89: 84 | B89: HV2-2026-OCT-5098 | C89: Neural_Nomads | D89: Artificial Intelligence (AI) | E89: Amruthasri Burra Hansika Amilpur Saniya Shaik | F89: Vignan Institute of Technology and Science | G89: AIDS | H89: 3rd Year | I89: 8790723583 9059208072 8106187274 | J89: =COUNTA('Team Wise'!D254:D256) -> 3 | K89: =COUNTIF('Team Wise'!K254:K256,"Present") -> 0 | P89: =IF(COUNT(L89:O89)=0,"",SUM(L89:O89)) | Q89: =IF(P89="","",P89/$P$4) | R89: =IF(P89="","",COUNTIFS($D$6:$D$219,D89,$P$6:$P$219,">"&P89)+1)
A90: 85 | B90: HV2-2026-OCT-3150 | C90: NexAI | D90: Artificial Intelligence (AI) | E90: Jyothi sri Srihasini Smruthika | F90: Vignan Institute of Technology and Science | G90: AIDS | H90: 2nd Year | I90: 9391320303 8978984011 9441093660 | J90: =COUNTA('Team Wise'!D257:D259) -> 3 | K90: =COUNTIF('Team Wise'!K257:K259,"Present") -> 0 | P90: =IF(COUNT(L90:O90)=0,"",SUM(L90:O90)) | Q90: =IF(P90="","",P90/$P$4) | R90: =IF(P90="","",COUNTIFS($D$6:$D$219,D90,$P$6:$P$219,">"&P90)+1)
A91: 86 | B91: HV2-2026-OCT-9522 | C91: NexAi | D91: Artificial Intelligence (AI) | E91: Singabhat Lahari Chilimikoti Dhikshitha Tokala Sai Amulya Reddy | F91: ACE Engineering College | G91: CSE | H91: 2nd Year | I91: 7416163634 8885293880 9640749689 | J91: =COUNTA('Team Wise'!D260:D262) -> 3 | K91: =COUNTIF('Team Wise'!K260:K262,"Present") -> 0 | P91: =IF(COUNT(L91:O91)=0,"",SUM(L91:O91)) | Q91: =IF(P91="","",P91/$P$4) | R91: =IF(P91="","",COUNTIFS($D$6:$D$219,D91,$P$6:$P$219,">"&P91)+1)
A92: 87 | B92: HV2-2026-OCT-7226 | C92: NexGen Minds | D92: Artificial Intelligence (AI) | E92: Uppalapati Varshini Yeddula Rohith Reddy Aredla Dileep Reddy | F92: Vignan Institute of Technology and Science | G92: CSE | H92: 2nd Year | I92: 7032821892 6303283747 6303868419 | J92: =COUNTA('Team Wise'!D263:D265) -> 3 | K92: =COUNTIF('Team Wise'!K263:K265,"Present") -> 0 | P92: =IF(COUNT(L92:O92)=0,"",SUM(L92:O92)) | Q92: =IF(P92="","",P92/$P$4) | R92: =IF(P92="","",COUNTIFS($D$6:$D$219,D92,$P$6:$P$219,">"&P92)+1)
A93: 88 | B93: HV2-2026-OCT-3847 | C93: Nexivo | D93: Artificial Intelligence (AI) | E93: Y.Srujana Sana Nousheen Vanguri Deepika | F93: Vignan Institute of Technology and Science | G93: CSE (AI&ML) | H93: 2nd Year | I93: 8106392833 8978749992 8096433999 | J93: =COUNTA('Team Wise'!D266:D268) -> 3 | K93: =COUNTIF('Team Wise'!K266:K268,"Present") -> 0 | P93: =IF(COUNT(L93:O93)=0,"",SUM(L93:O93)) | Q93: =IF(P93="","",P93/$P$4) | R93: =IF(P93="","",COUNTIFS($D$6:$D$219,D93,$P$6:$P$219,">"&P93)+1)
A94: 89 | B94: HV2-2026-OCT-2657 | C94: Nexora | D94: Artificial Intelligence (AI) | E94: Edarapalli Naren S.Monitha Maddala Sushmitha | F94: SCSVMV University Aditya Degree College, Palakol Vishnu College, Bhimavaram | G94: AI&ML BCA CIVIL | H94: 2nd Year | I94: 6303737948 9959233147 9346426326 | J94: =COUNTA('Team Wise'!D269:D271) -> 3 | K94: =COUNTIF('Team Wise'!K269:K271,"Present") -> 0 | P94: =IF(COUNT(L94:O94)=0,"",SUM(L94:O94)) | Q94: =IF(P94="","",P94/$P$4) | R94: =IF(P94="","",COUNTIFS($D$6:$D$219,D94,$P$6:$P$219,">"&P94)+1)
A95: 90 | B95: HV2-2026-OCT-2944 | C95: Nexora | D95: Artificial Intelligence (AI) | E95: DAMA Akshitha M.Bhavana netha A.Navitha | F95: Vignan Institute of Technology and Science | G95: CSE (AI&ML) | H95: 2nd Year | I95: 7989774381 7893219279 6303296272 | J95: =COUNTA('Team Wise'!D272:D274) -> 3 | K95: =COUNTIF('Team Wise'!K272:K274,"Present") -> 0 | P95: =IF(COUNT(L95:O95)=0,"",SUM(L95:O95)) | Q95: =IF(P95="","",P95/$P$4) | R95: =IF(P95="","",COUNTIFS($D$6:$D$219,D95,$P$6:$P$219,">"&P95)+1)
A96: 91 | B96: HV2-2026-OCT-4967 | C96: Nexora | D96: Artificial Intelligence (AI) | E96: A.Anji Pagadala Sridevi B.Pooja | F96: Sri Chaitanya Technical Campus | G96: CSE | H96: 3rd Year | I96: 8121481089 7075042447 9573857246 | J96: =COUNTA('Team Wise'!D275:D277) -> 3 | K96: =COUNTIF('Team Wise'!K275:K277,"Present") -> 0 | P96: =IF(COUNT(L96:O96)=0,"",SUM(L96:O96)) | Q96: =IF(P96="","",P96/$P$4) | R96: =IF(P96="","",COUNTIFS($D$6:$D$219,D96,$P$6:$P$219,">"&P96)+1)
A97: 92 | B97: HV2-2026-OCT-6888 | C97: Nexora | D97: Artificial Intelligence (AI) | E97: bindu enugula Niveditha Kukunoori Raveena Sarikonda | F97: Vignan Institute of Technology and Science | G97: AIDS | H97: 3rd Year | I97: 9052628633 9676175782 8985579450 | J97: =COUNTA('Team Wise'!D278:D280) -> 3 | K97: =COUNTIF('Team Wise'!K278:K280,"Present") -> 0 | P97: =IF(COUNT(L97:O97)=0,"",SUM(L97:O97)) | Q97: =IF(P97="","",P97/$P$4) | R97: =IF(P97="","",COUNTIFS($D$6:$D$219,D97,$P$6:$P$219,">"&P97)+1)
A98: 93 | B98: HV2-2026-OCT-8532 | C98: Nexora AI | D98: Artificial Intelligence (AI) | E98: Ranga Pranathi Cheruku Amisha Dudigama Shivani | F98: Vignan Institute of Technology and Science | G98: CSE (AI&ML) | H98: 2nd Year | I98: 9866812154 9676922849 7337444539 | J98: =COUNTA('Team Wise'!D281:D283) -> 3 | K98: =COUNTIF('Team Wise'!K281:K283,"Present") -> 0 | P98: =IF(COUNT(L98:O98)=0,"",SUM(L98:O98)) | Q98: =IF(P98="","",P98/$P$4) | R98: =IF(P98="","",COUNTIFS($D$6:$D$219,D98,$P$6:$P$219,">"&P98)+1)
A99: 94 | B99: HV2-2026-OCT-6051 | C99: Nexus | D99: Artificial Intelligence (AI) | E99: Anuj Arun Kumar Ramtenki abhinay Kandadi Shiva charan Reddy | F99: Vignan Institute of Technology and Science | G99: CSE (DS) | H99: 3rd Year 2nd Year 3rd Year | I99: 7093224401 8712528025 9849231504 | J99: =COUNTA('Team Wise'!D284:D286) -> 3 | K99: =COUNTIF('Team Wise'!K284:K286,"Present") -> 0 | P99: =IF(COUNT(L99:O99)=0,"",SUM(L99:O99)) | Q99: =IF(P99="","",P99/$P$4) | R99: =IF(P99="","",COUNTIFS($D$6:$D$219,D99,$P$6:$P$219,">"&P99)+1)
A100: 95 | B100: HV2-2026-OCT-8089 | C100: Nexus | D100: Artificial Intelligence (AI) | E100: Pratigya Singh Hemanth Nirmal.A Nirmal tej reddy.P | F100: Vignan Institute of Technology and Science | G100: CSE (DS) | H100: 2nd Year | I100: 7989564372 7702172072 7075289087 | J100: =COUNTA('Team Wise'!D287:D289) -> 3 | K100: =COUNTIF('Team Wise'!K287:K289,"Present") -> 0 | P100: =IF(COUNT(L100:O100)=0,"",SUM(L100:O100)) | Q100: =IF(P100="","",P100/$P$4) | R100: =IF(P100="","",COUNTIFS($D$6:$D$219,D100,$P$6:$P$219,">"&P100)+1)
A101: 96 | B101: HV2-2026-OCT-8112 | C101: Nexus | D101: Artificial Intelligence (AI) | E101: Bodi Sai Anirudh Yadagani Sharanya Sri Hasini Lella | F101: Vignan Institute of Technology and Science | G101: CSE | H101: 3rd Year | I101: 6303167158 7780221108 7981295175 | J101: =COUNTA('Team Wise'!D290:D292) -> 3 | K101: =COUNTIF('Team Wise'!K290:K292,"Present") -> 0 | P101: =IF(COUNT(L101:O101)=0,"",SUM(L101:O101)) | Q101: =IF(P101="","",P101/$P$4) | R101: =IF(P101="","",COUNTIFS($D$6:$D$219,D101,$P$6:$P$219,">"&P101)+1)
...

Sheet AI
A5: Team No. | B5: Registration ID | C5: Team Name | D5: Track | E5: Team Member Names | F5: College | G5: Branch | H5: Year | I5: Phone No. | J5: Members
A6: 1 | B6: HV2-2026-OCT-4698 | C6: #HackNova | D6: Artificial Intelligence (AI) | E6: Pasham Akanksha Reddy Srinivas Nayak Ramavath Pasham Hrithik Reddy | F6: Vignan Institute of Technology and Science | G6: AIDS | H6: 1st Year | I6: 9652601387 7680028395 8985540655 | J6: 3
A7: 2 | B7: HV2-2026-OCT-1818 | C7: AI mavericks | D7: Artificial Intelligence (AI) | E7: Vaggu Sahasra krupalini kasoju Gangapuram Sai Charan | F7: Vignan Institute of Technology and Science | G7: CSE (DS) CIVIL MECH | H7: 2nd Year | I7: 9908982106 9100326179 9666895769 | J7: =COUNTA('Team Wise'!D6:D8) -> 3
A8: 3 | B8: HV2-2026-OCT-1348 | C8: AI-tians | D8: Artificial Intelligence (AI) | E8: Mikkilineni Pravarshitha P Pranathi SINGAM SAI HARSHITH | F8: Vignan Institute of Technology and Science | G8: CSE (AI&ML) | H8: 2nd Year | I8: 8985359921 9381261938 7660042977 | J8: =COUNTA('Team Wise'!D9:D11) -> 3
A9: 4 | B9: HV2-2026-OCT-4899 | C9: ARITRA | D9: Artificial Intelligence (AI) | E9: Chathur M Vaahini G p sandeep | F9: Vignan Institute of Technology and Science | G9: AIDS AIDS CSE (DS) | H9: 2nd Year 2nd Year 3rd Year | I9: 9291619080 9391286222 7093447407 | J9: =COUNTA('Team Wise'!D12:D14) -> 3
A10: 5 | B10: HV2-2026-OCT-4878 | C10: Advitheeya | D10: Artificial Intelligence (AI) | E10: Badugu Nigama Nakarakanti Yuva Keerthi Kan Kushi Kumari | F10: Vignan Institute of Technology and Science | G10: AIDS | H10: 2nd Year | I10: 7032177918 8074382611 9490706546 | J10: =COUNTA('Team Wise'!D15:D17) -> 3
A11: 6 | B11: HV2-2026-OCT-4104 | C11: Aevora | D11: Artificial Intelligence (AI) | E11: Praseeja Sunkari Vanja Akshitha B.Vaishnavi | F11: Vignan Institute of Technology and Science | G11: CSE (AI&ML) CSE (DS) CSE (DS) | H11: 3rd Year | I11: 7842731141 7569220914 7416127993 | J11: =COUNTA('Team Wise'!D18:D20) -> 3
A12: 7 | B12: HV2-2026-OCT-4906 | C12: AiFinishers | D12: Artificial Intelligence (AI) | E12: Badavath vishnu Boya mukesh Janga chandan | F12: Vignan Institute of Technology and Science | G12: CSE (DS) | H12: 2nd Year | I12: 7396616379 7815858411 8247030165 | J12: =COUNTA('Team Wise'!D21:D23) -> 3
A13: 8 | B13: HV2-2026-OCT-5358 | C13: Al Avengers | D13: Artificial Intelligence (AI) | E13: Sathu. Goutham Reddy Gudipelli. Manoj Kongari. Udayasree | F13: Vignan Institute of Technology and Science | G13: CSE (DS) CSE (AI&ML) CSE (DS) | H13: 3rd Year | I13: 9154184676 8179544286 6303036707 | J13: =COUNTA('Team Wise'!D24:D26) -> 3
A14: 9 | B14: HV2-2026-OCT-4614 | C14: Algo squad | D14: Artificial Intelligence (AI) | E14: Poloju vasavi Mohammad saniya Pittala harika | F14: Vignan Institute of Technology and Science | G14: CSE | H14: 3rd Year | I14: 9392793987 9848364850 6309460308 | J14: =COUNTA('Team Wise'!D27:D29) -> 3
A15: 10 | B15: HV2-2026-OCT-2695 | C15: Alide | D15: Artificial Intelligence (AI) | E15: Abhiram Mohammad Arif Sathish | F15: Vignan Institute of Technology and Science | G15: CSE (AI&ML) | H15: 2nd Year | I15: 8008189293 8074047607 8712214574 | J15: =COUNTA('Team Wise'!D30:D32) -> 3
A16: 11 | B16: HV2-2026-OCT-7565 | C16: All stars | D16: Artificial Intelligence (AI) | E16: katakam supraja N.arun M ARAVIND | F16: Vignan Institute of Technology and Science | G16: CSE | H16: 2nd Year | I16: 9490948538 8639459203 6281094261 | J16: =COUNTA('Team Wise'!D33:D35) -> 3
A17: 12 | B17: HV2-2026-OCT-4338 | C17: BLITZ | D17: Artificial Intelligence (AI) | E17: Tejeshwar Reddy Addula Byreddy Sushank Reddy Chandaluri Sri Harsha | F17: Vignan Institute of Technology and Science | G17: CSE (AI&ML) | H17: 2nd Year | I17: 7382838743 8332051480 9100865190 | J17: =COUNTA('Team Wise'!D36:D38) -> 3
A18: 13 | B18: HV2-2026-OCT-5946 | C18: Bits x Bytes | D18: Artificial Intelligence (AI) | E18: Neha Reddy K Koduri Sri Harsha I Sahasra | F18: Vignan Institute of Technology and Science | G18: CSE (DS) CSE CSE (DS) | H18: 3rd Year | I18: 7093677995 9652867531 9347883612 | J18: =COUNTA('Team Wise'!D39:D41) -> 3
A19: 14 | B19: HV2-2026-OCT-6520 | C19: Black Pearl | D19: Artificial Intelligence (AI) | E19: Danthenapally Srivarshitha Gollapalli Chakradhar Chary Kota Uday Reddy | F19: CVR College of Engineering Sri Venkateshwara College of Engineering CVR College of Engineering | G19: CSE (DS) CSE (AI&ML) CSE (DS) | H19: 2nd Year | I19: 6309934781 7013280417 9347004550 | J19: =COUNTA('Team Wise'!D42:D44) -> 3
A20: 15 | B20: HV2-2026-OCT-4594 | C20: BoldCoders | D20: Artificial Intelligence (AI) | E20: Kasoju SpuranChandra Maddineni Yashashwini Pothuganti Sonalika | F20: Vignan Institute of Technology and Science | G20: CSE | H20: 2nd Year | I20: 9515067709 7793963851 8332044969 | J20: =COUNTA('Team Wise'!D45:D47) -> 3
A21: 16 | B21: HV2-2026-OCT-3585 | C21: BrainRot Brats | D21: Artificial Intelligence (AI) | E21: Aasheerwad Sandhyapogu Vishal reddy Syed Omer | F21: Vignan Institute of Technology and Science | G21: CSE (AI&ML) | H21: 3rd Year | I21: 7702363562 9849019832 7981537348 | J21: =COUNTA('Team Wise'!D48:D50) -> 3
A22: 17 | B22: HV2-2026-OCT-3629 | C22: BroCode | D22: Artificial Intelligence (AI) | E22: Varshini Bodige Harika Gummalla Kancharla Manish Kumar | F22: Vignan Institute of Technology and Science | G22: CSE | H22: 2nd Year | I22: 9182392386 9121555751 9948437820 | J22: =COUNTA('Team Wise'!D51:D53) -> 3
A23: 18 | B23: HV2-2026-OCT-4616 | C23: Bug Slayers | D23: Artificial Intelligence (AI) | E23: Padarthi Divya Sri Chirra Hasini Chamakura Yamini | F23: ACE Engineering College | G23: CSE (DS) CSE (AI&ML) CSE (DS) | H23: 2nd Year | I23: 9618719572 8341223438 7989609328 | J23: =COUNTA('Team Wise'!D54:D56) -> 3
A24: 19 | B24: HV2-2026-OCT-9242 | C24: Clause's Plan | D24: Artificial Intelligence (AI) | E24: Sashreek Reddy Kanaparthy Aryan Sai Chandrakanth | F24: Vignan Institute of Technology and Science | G24: CSE | H24: 2nd Year | I24: 9059949889 7416481279 6281696284 | J24: =COUNTA('Team Wise'!D57:D59) -> 3
A25: 20 | B25: HV2-2026-OCT-9150 | C25: Code & Slay | D25: Artificial Intelligence (AI) | E25: Anthati Ruthika Ithagoni Jyothsnasri Kusuru Divya | F25: Vignan Institute of Technology and Science | G25: CSE | H25: 3rd Year | I25: 9705884131 9121954394 9391433725 | J25: =COUNTA('Team Wise'!D60:D62) -> 3
A26: 21 | B26: HV2-2026-OCT-5745 | C26: Code Blooded | D26: Artificial Intelligence (AI) | E26: Yamini Thirumani Puvvadi Sakhitha Harshitha Puliroju | F26: G Narayanamma Institute of Technology and Science (GNITS) | G26: CSE (DS) CSE (AI&ML) CSE (DS) | H26: 4th Year | I26: 7995693895 9398899334 6305406660 | J26: =COUNTA('Team Wise'!D63:D65) -> 3
A27: 22 | B27: HV2-2026-OCT-6128 | C27: Code cube | D27: Artificial Intelligence (AI) | E27: Padakanti varsha Ubbu Rohini Palsam Maneesha | F27: Vignan Institute of Technology and Science | G27: CSE | H27: 3rd Year | I27: 6304218536 9603272908 9014710274 | J27: =COUNTA('Team Wise'!D66:D68) -> 3
A28: 23 | B28: HV2-2026-OCT-4305 | C28: Code rush | D28: Artificial Intelligence (AI) | E28: chegurisahasra21 chegurisamaghna21 shivaniappala | F28: Vignan Institute of Technology and Science | G28: CSE | H28: 3rd Year | I28: 9573609225 9849747585 6304128615 | J28: =COUNTA('Team Wise'!D69:D71) -> 3
A29: 24 | B29: HV2-2026-OCT-5660 | C29: Code titans | D29: Artificial Intelligence (AI) | E29: Chada Vaishnavi Akshitha Deshagoni Srividya Alubilli | F29: Marri Laxman Reddy Institute of Technology and Management (MLRITM) | G29: CSE (AI&ML) | H29: 2nd Year | I29: 7702498268 9030380871 6281084832 | J29: =COUNTA('Team Wise'!D72:D74) -> 3
A30: 25 | B30: HV2-2026-OCT-9845 | C30: Code titans | D30: Artificial Intelligence (AI) | E30: Chindam Keerthana janipella sindhu tadaka akhila | F30: Vignan Institute of Technology and Science | G30: CSE (AI&ML) | H30: 2nd Year | I30: 8179992289 9573376307 8688196471 | J30: =COUNTA('Team Wise'!D75:D77) -> 3
A31: 26 | B31: HV2-2026-OCT-8620 | C31: Code × Crash | D31: Artificial Intelligence (AI) | E31: Daroori Abhignya S.Ruchitha Tejaswi Pendyala | F31: Vignan's Institute of Management and Technology for Women (VMTW) | G31: CSE (DS) | H31: 3rd Year | I31: 8247203142 9866193388 9391281815 | J31: =COUNTA('Team Wise'!D78:D80) -> 3
A32: 27 | B32: HV2-2026-OCT-6582 | C32: CodeAlpha | D32: Artificial Intelligence (AI) | E32: Golconda Yeshwanth Kumar Polepaka Mahesh Velpula Vyshali | F32: Anurag Engineering College (Kodad) | G32: CSE | H32: 3rd Year | I32: 7075320652 7013197272 9542224334 | J32: =COUNTA('Team Wise'!D81:D83) -> 3
A33: 28 | B33: HV2-2026-OCT-5487 | C33: CodeHelix | D33: Artificial Intelligence (AI) | E33: G.Rishitha K.shirisha Gondi Soumya reddy | F33: Vignan Institute of Technology and Science | G33: CSE | H33: 3rd Year | I33: 7997182157 9652166330 9848546409 | J33: =COUNTA('Team Wise'!D84:D86) -> 3
A34: 29 | B34: HV2-2026-OCT-3917 | C34: CodeMatriX | D34: Artificial Intelligence (AI) | E34: Krishna Chaitanya Anugu Nandini Yarramada Ashna Reddy Gangapuram | F34: Vignan Institute of Technology and Science | G34: CSE | H34: 2nd Year | I34: 7780401460 9063401449 9393833639 | J34: =COUNTA('Team Wise'!D87:D89) -> 3
A35: 30 | B35: HV2-2026-OCT-1244 | C35: CodeMind | D35: Artificial Intelligence (AI) | E35: BHUDHALA MADHAVI KASULA AKSHAYA PREETHI BARADO | F35: Vignan Institute of Technology and Science | G35: CSE (DS) | H35: 2nd Year | I35: 8179752894 9032915256 9603554602 | J35: =COUNTA('Team Wise'!D90:D92) -> 3
A36: 31 | B36: HV2-2026-OCT-6039 | C36: Codefusion | D36: Artificial Intelligence (AI) | E36: SHIVANI KURMA Ch Karthik Shaik Momin | F36: Marri Laxman Reddy Institute of Technology and Management (MLRITM) | G36: CSE (AI&ML) | H36: 3rd Year | I36: 9398471837 9493317442 9133153170 | J36: =COUNTA('Team Wise'!D93:D95) -> 3
A37: 32 | B37: HV2-2026-OCT-5283 | C37: Coders | D37: Artificial Intelligence (AI) | E37: Neelam Anjali Nikhil Mudigonda Srujana Sadhu | F37: KL University (KLH) | G37: CSE | H37: 4th Year 3rd Year 3rd Year | I37: 9985859422 8341664756 9491516765 | J37: =COUNTA('Team Wise'!D96:D98) -> 3
A38: 33 | B38: HV2-2026-OCT-8480 | C38: Coderush | D38: Artificial Intelligence (AI) | E38: Erra Akshitha Varsha Mattaparthi Damaraju guru Lakshmi manasa | F38: Sphoorthy Engineering College Vignan Institute of Technology and Science Matrusri Engineering College | G38: AI&ML CSE IT | H38: 3rd Year | I38: 9441830190 7989068069 6309804359 | J38: =COUNTA('Team Wise'!D99:D101) -> 3
A39: 34 | B39: HV2-2026-OCT-2455 | C39: Codex | D39: Artificial Intelligence (AI) | E39: Lingamgunta Pranav Abhivarun Bashapaka Shivashritej | F39: Vignan Institute of Technology and Science | G39: CSE | H39: 2nd Year | I39: 8179146995 9515659290 8179222881 | J39: =COUNTA('Team Wise'!D102:D104) -> 3
A40: 35 | B40: HV2-2026-OCT-5681 | C40: Codex | D40: Artificial Intelligence (AI) | E40: KARIVEDA ABHINAV REDDY Kashamalla spandana Ulloju anitha | F40: Vignan Institute of Technology and Science | G40: CSE (AI&ML) | H40: 3rd Year | I40: 8985144115 9182364536 9014367708 | J40: =COUNTA('Team Wise'!D105:D107) -> 3
A41: 36 | B41: HV2-2026-OCT-5738 | C41: Codinjas | D41: Artificial Intelligence (AI) | E41: POLE RAVITEJA Varahala Vishal Yashraj Bhuvakar | F41: Vardhaman College of Engineering VMEG VMEG | G41: IT ECE ECE | H41: 3rd Year | I41: 7569057424 9701417442 7386614171 | J41: =COUNTA('Team Wise'!D108:D110) -> 3
A42: 37 | B42: HV2-2026-OCT-3076 | C42: Cognivyx | D42: Artificial Intelligence (AI) | E42: Katkuri Lohitha Sravani Nomula Sowmya Patnam | F42: Vignan Institute of Technology and Science | G42: CSE | H42: 2nd Year | I42: 7386202278 9505472736 8374564428 | J42: =COUNTA('Team Wise'!D111:D113) -> 3
A43: 38 | B43: HV2-2026-OCT-3475 | C43: Cold Start | D43: Artificial Intelligence (AI) | E43: Bidarani Swathika Kannareddy Sriharini Sathuri Kavya | F43: Vignan Institute of Technology and Science | G43: CSE (DS) | H43: 3rd Year | I43: 8985668619 8978132468 9441082597 | J43: =COUNTA('Team Wise'!D114:D116) -> 3
A44: 39 | B44: HV2-2026-OCT-9141 | C44: CoreX | D44: Artificial Intelligence (AI) | E44: Kavya deepika Hemasri Lakshmi prassana | F44: Vignan's Institute of Management and Technology for Women (VMTW) | G44: CSE CSE (DS) CSE (DS) | H44: 3rd Year | I44: 9494880185 8125617760 9490082345 | J44: =COUNTA('Team Wise'!D117:D119) -> 3
A45: 40 | B45: HV2-2026-OCT-9608 | C45: Cube.x | D45: Artificial Intelligence (AI) | E45: MARAM KARTHIK REDDY ENDHURI RAGHU VADIKARI KALYAN | F45: Vignan Institute of Technology and Science | G45: AIDS | H45: 3rd Year | I45: 8186971796 7093332320 6304255210 | J45: =COUNTA('Team Wise'!D120:D122) -> 3
A46: 41 | B46: HV2-2026-OCT-6405 | C46: DATA HAMMERS | D46: Artificial Intelligence (AI) | E46: NENAVATH RAM CHETAN NAYAK Bheemagani Sai Varshit Goud Palakurla Raghavendra Goud | F46: Vignan Institute of Technology and Science | G46: CSE (AI&ML) | H46: 2nd Year | I46: 9182330474 9381651962 9059736124 | J46: =COUNTA('Team Wise'!D123:D125) -> 3
A47: 42 | B47: HV2-2026-OCT-5977 | C47: DOMAIN EXPANSION | D47: Artificial Intelligence (AI) | E47: Sudeepthi Chinnala Bandi Laxmi Deepak Pothuganti Samreen | F47: Geethanjali College of Engineering and Technology | G47: CSE | H47: 2nd Year | I47: 8332881265 8247770962 9182949562 | J47: =COUNTA('Team Wise'!D126:D128) -> 3
A48: 43 | B48: HV2-2026-OCT-2612 | C48: Deep Learners | D48: Artificial Intelligence (AI) | E48: VELURU SUPRITHA C.V.VAISHNAVI C.SREEVIDYA REDDY | F48: Srinivasa Ramanujan Institute of Technology | G48: CSE (DS) | H48: 2nd Year | I48: 8309609041 7382695671 6302517655 | J48: =COUNTA('Team Wise'!D129:D131) -> 3
A49: 44 | B49: HV2-2026-OCT-5266 | C49: DeepSpark | D49: Artificial Intelligence (AI) | E49: Pininti Sandeep Reddy Salivoju Shashikiran Amireddy Ram charan Reddy | F49: Vignan Institute of Technology and Science | G49: CSE | H49: 3rd Year | I49: 9059340657 8341620419 8074820329 | J49: =COUNTA('Team Wise'!D132:D134) -> 3
A50: 45 | B50: HV2-2026-OCT-4965 | C50: ELITEX | D50: Artificial Intelligence (AI) | E50: POOJITH GOVINDARAJULA MUTHYALA ANANYA ABHIRAAM AERUKONDA | F50: Geethanjali College of Engineering and Technology | G50: CSE | H50: 2nd Year | I50: 8555928347 8919338676 8985237853 | J50: =COUNTA('Team Wise'!D135:D137) -> 3
A51: 46 | B51: HV2-2026-OCT-6598 | C51: Echo | D51: Artificial Intelligence (AI) | E51: M. Samuel Justin K.Siddharth M. Akshay Varshith | F51: Vignan Institute of Technology and Science | G51: CSE (DS) | H51: 2nd Year | I51: 8134127379 9505437046 8885002067 | J51: =COUNTA('Team Wise'!D138:D140) -> 3
A52: 47 | B52: HV2-2026-OCT-3027 | C52: Elysia | D52: Artificial Intelligence (AI) | E52: Pravalika Umaji Soma Sai Vaishnavi Keerthi Reddy | F52: Vignan Institute of Technology and Science Vignan Institute of Technology and Science Maturi Venkata Subba Rao Engineering College (MVSR) | G52: CSE (DS) CSE (DS) CSE | H52: 2nd Year | I52: 9391375254 7093625197 9495989999 | J52: =COUNTA('Team Wise'!D141:D143) -> 3
A53: 48 | B53: HV2-2026-OCT-8093 | C53: Future stack | D53: Artificial Intelligence (AI) | E53: Jeshwanth Sura Tharun Pandugula Santhosh Revalli | F53: Vignan Institute of Technology and Science | G53: CSE | H53: 3rd Year | I53: 9398020156 7981767311 9989570190 | J53: =COUNTA('Team Wise'!D144:D146) -> 3
A54: 49 | B54: HV2-2026-OCT-8971 | C54: GradientX | D54: Artificial Intelligence (AI) | E54: KASULA NANDA RAMESH Dahagama Sreeshanth Anunay Anumasa | F54: CVR College of Engineering | G54: CSE | H54: 3rd Year | I54: 7232888276 9381501331 7659932027 | J54: =COUNTA('Team Wise'!D147:D149) -> 3
A55: 50 | B55: HV2-2026-OCT-7433 | C55: HACK HUSTLERS | D55: Artificial Intelligence (AI) | E55: MD ISMAIL ANSARI A Lucky K.Chethan | F55: Vignan's Foundation for Science, Technology & Research (Vignan University) | G55: CSE | H55: 1st Year | I55: 8235520824 8309838926 7601006224 | J55: =COUNTA('Team Wise'!D150:D152) -> 3
A56: 51 | B56: HV2-2026-OCT-8871 | C56: Hack Elite | D56: Artificial Intelligence (AI) | E56: Vulli Mokshasri Bandela Shriya Bhoomika Podduturi | F56: Vignan Institute of Technology and Science | G56: CSE (AI&ML) | H56: 2nd Year | I56: 9182549412 8341714544 7989485147 | J56: =COUNTA('Team Wise'!D153:D155) -> 3
A57: 52 | B57: HV2-2026-OCT-4572 | C57: Hack Hive | D57: Artificial Intelligence (AI) | E57: Lavanam Hansika Ariba Naaz Sirishala Ganesh | F57: Vignan Institute of Technology and Science | G57: CSE CSE CSE (AI&ML) | H57: 2nd Year | I57: 7995654961 9110579227 9392160482 | J57: =COUNTA('Team Wise'!D156:D158) -> 3
A58: 53 | B58: HV2-2026-OCT-3356 | C58: Hack Terminators | D58: Artificial Intelligence (AI) | E58: Patil.RamyaSri Singireddy.Siri Yellanki.Sirivennela | F58: Vignan Institute of Technology and Science | G58: AIDS | H58: 1st Year | I58: 8341507702 7386864751 7095891137 | J58: =COUNTA('Team Wise'!D159:D161) -> 3
A59: 54 | B59: HV2-2026-OCT-8826 | C59: Hack Titans | D59: Artificial Intelligence (AI) | E59: Miryala Akshitha Donuru spoorthi Surakanti Sowmya | F59: Vignan Institute of Technology and Science | G59: CSE AIDS CSE | H59: 3rd Year | I59: 9000528288 8332864311 7569280623 | J59: =COUNTA('Team Wise'!D162:D164) -> 3
A60: 55 | B60: HV2-2026-OCT-5593 | C60: HackBuddies | D60: Artificial Intelligence (AI) | E60: Valleti Bhuvana Vemparala Jyothika Jarupula Sneha | F60: Vignan Institute of Technology and Science | G60: CSE | H60: 3rd Year | I60: 9701430714 9848136515 8897506943 | J60: =COUNTA('Team Wise'!D165:D167) -> 3
A61: 56 | B61: HV2-2026-OCT-1722 | C61: HackForge | D61: Artificial Intelligence (AI) | E61: Jasmitha Kuppala Gayathri Gorugantula Vuppala Rithvik | F61: KL University (KLH) | G61: CSE | H61: 2nd Year | I61: 9395543838 7993920531 7675054385 | J61: =COUNTA('Team Wise'!D168:D170) -> 3
A62: 57 | B62: HV2-2026-OCT-6350 | C62: Hackfusion | D62: Artificial Intelligence (AI) | E62: Bathini Tulasi Bathini Shravani Udugula Bhavani | F62: Vignan's Institute of Management and Technology for Women (VMTW) BVRW Vignan's Institute of Management and Technology for Women (VMTW) | G62: CSE (AI&ML) | H62: 3rd Year 2nd Year 3rd Year | I62: 9014711657 7993837212 8179217915 | J62: =COUNTA('Team Wise'!D171:D173) -> 3
A63: 58 | B63: HV2-2026-OCT-4497 | C63: Hackhive | D63: Artificial Intelligence (AI) | E63: M. Sai Rishitha N.Harini V. Akshaya | F63: Vignan Institute of Technology and Science | G63: CSE | H63: 3rd Year | I63: 8179722970 7075533909 8978346652 | J63: =COUNTA('Team Wise'!D174:D176) -> 3
A64: 59 | B64: HV2-2026-OCT-5005 | C64: Hacknova | D64: Artificial Intelligence (AI) | E64: Varshini Marthy Gayathri Methuku Soumya Jakkulwar | F64: Bhoj Reddy Engineering College for Women | G64: CSE CSE IT | H64: 3rd Year | I64: 7671819408 9032388119 8179569930 | J64: =COUNTA('Team Wise'!D177:D179) -> 3
A65: 60 | B65: HV2-2026-OCT-8157 | C65: Hexora | D65: Artificial Intelligence (AI) | E65: Gundampalli Pranatheeshwari Vokkerla Anushna Yendapalli Devayani | F65: ACE Engineering College | G65: CSE | H65: 3rd Year | I65: 7013761303 9392265252 8639937320 | J65: =COUNTA('Team Wise'!D180:D182) -> 3
A66: 61 | B66: HV2-2026-OCT-5294 | C66: Idea Crew | D66: Artificial Intelligence (AI) | E66: Kaja Naga Sai Neha Murki Rishika Chirra Harshini | F66: ACE Engineering College | G66: CSE (DS) | H66: 2nd Year | I66: 7675050483 9063644384 9704223438 | J66: =COUNTA('Team Wise'!D183:D185) -> 3
A67: 62 | B67: HV2-2026-OCT-1749 | C67: ImpactNexus | D67: Artificial Intelligence (AI) | E67: Dharavath Santhosh Sura Rithwika Chinavath Maheshwari | F67: Vignan Institute of Technology and Science | G67: CSE | H67: 2nd Year | I67: 8897747716 9281416550 8523872380 | J67: =COUNTA('Team Wise'!D186:D188) -> 3
A68: 63 | B68: HV2-2026-OCT-5333 | C68: Infinite loopers | D68: Artificial Intelligence (AI) | E68: Varshitha Renusri Siri | F68: Vignan Institute of Technology and Science | G68: CSE (AI&ML) | H68: 2nd Year | I68: 8341738479 7893409216 9652029595 | J68: =COUNTA('Team Wise'!D189:D191) -> 3
A69: 64 | B69: HV2-2026-OCT-3907 | C69: Infinity cxders | D69: Artificial Intelligence (AI) | E69: Yerra Hemanth Reddy K . Nikhil Chityala Divyansh | F69: Nalla Narasimha Reddy Group of Institutions (NNRG) | G69: CSE | H69: 2nd Year | I69: 8919233514 7993529040 8328212216 | J69: =COUNTA('Team Wise'!D192:D194) -> 3
A70: 65 | B70: HV2-2026-OCT-7473 | C70: Innovexa | D70: Artificial Intelligence (AI) | E70: Battini Navya Sri Gummuluri Durga Priyanka Pullemla Akshara Krupa | F70: Vignan Institute of Technology and Science | G70: CSE | H70: 2nd Year | I70: 8519890464 8074218415 9989260349 | J70: =COUNTA('Team Wise'!D195:D197) -> 3
A71: 66 | B71: HV2-2026-OCT-9134 | C71: Innovexa | D71: Artificial Intelligence (AI) | E71: Ananthala Sanjana Chimmula Akshitha Ganji Shivani | F71: Vignan Institute of Technology and Science | G71: CSE (AI&ML) | H71: 2nd Year | I71: 7032614095 9912931952 7386765948 | J71: =COUNTA('Team Wise'!D198:D200) -> 3
A72: 67 | B72: HV2-2026-OCT-1817 | C72: Innovix | D72: Artificial Intelligence (AI) | E72: Pooja Madhuri Danduprolu B. Veera durgasri Ch.Haripriya | F72: V.S.M College of Engineering | G72: CSE | H72: 3rd Year | I72: 6301332400 7396764088 7780480106 | J72: =COUNTA('Team Wise'!D201:D203) -> 3
A73: 68 | B73: HV2-2026-OCT-2772 | C73: Jarvis | D73: Artificial Intelligence (AI) | E73: Grishmitha Yarlagadda Gouni Druthi Dellapurlolu Sai Kiran | F73: CMR Institute of Technology | G73: CSE (AI&ML) | H73: 3rd Year | I73: 7416365949 8008803379 9346098128 | J73: =COUNTA('Team Wise'!D204:D206) -> 3
A74: 69 | B74: HV2-2026-OCT-9662 | C74: KANYA RASHI | D74: Artificial Intelligence (AI) | E74: RAJKUMAR MANEM CHILUVERU ADITHYA RAMPALLI KOUSHIK | F74: Vignan Institute of Technology and Science | G74: AIDS | H74: 3rd Year | I74: 9392567033 9640901192 6300500804 | J74: =COUNTA('Team Wise'!D207:D209) -> 3
A75: 70 | B75: HV2-2026-OCT-8023 | C75: KODERA | D75: Artificial Intelligence (AI) | E75: Akshara Boddoju Adepu shiva kumar Garikapati kundana | F75: Stanley Engineering College DRK Institute of Science and Technology Vignan's Institute of Management and Technology for Women (VMTW) | G75: CSE CSE (DS) CSE (DS) | H75: 3rd Year | I75: 8555945464 7569918817 8919745409 | J75: =COUNTA('Team Wise'!D210:D212) -> 3
A76: 71 | B76: HV2-2026-OCT-9403 | C76: Kairos | D76: Artificial Intelligence (AI) | E76: Sankarapu Kausalya Valishetti Himabindhu Saika Kolluri | F76: Vignan Institute of Technology and Science Vignan Institute of Technology and Science Holy Mary Institute of Technology and Science | G76: CSE (DS) CSE (DS) CSE | H76: 3rd Year | I76: 8555946421 9346713791 8790840903 | J76: =COUNTA('Team Wise'!D213:D215) -> 3
A77: 72 | B77: HV2-2026-OCT-2217 | C77: Kanya Rasi | D77: Artificial Intelligence (AI) | E77: Sneha Nomula Vennamaneni Harshini Tallapally Manognya | F77: Vignan Institute of Technology and Science | G77: CSE (AI&ML) | H77: 4th Year | I77: 9381130962 8639144995 9154508984 | J77: =COUNTA('Team Wise'!D216:D218) -> 3
A78: 73 | B78: HV2-2026-OCT-9308 | C78: Kanyarasi | D78: Artificial Intelligence (AI) | E78: Dhanush Ashritha M Narotham | F78: Nalla Narasimha Reddy Group of Institutions (NNRG) | G78: AI&ML | H78: 4th Year | I78: 7901499699 8985889036 9346960067 | J78: =COUNTA('Team Wise'!D219:D221) -> 3
A79: 74 | B79: HV2-2026-OCT-4737 | C79: Koderz | D79: Artificial Intelligence (AI) | E79: Pulamoni Naveen G. Koushik rebelli ashok | F79: Vignan Institute of Technology and Science | G79: ECE | H79: 3rd Year | I79: 7013885070 9515857811 8919591926 | J79: =COUNTA('Team Wise'!D222:D224) -> 3
A80: 75 | B80: HV2-2026-OCT-7335 | C80: Logic Crafters | D80: Artificial Intelligence (AI) | E80: Ravula Koushik Reddy Guduru Revanth Reddy Jagaraspalli Arshad mohammad | F80: Vignan Institute of Technology and Science | G80: CSE (DS) | H80: 2nd Year | I80: 9948408216 8885690661 9640625522 | J80: =COUNTA('Team Wise'!D225:D227) -> 3
A81: 76 | B81: HV2-2026-OCT-2149 | C81: MNV | D81: Artificial Intelligence (AI) | E81: SAATU NAVYA SANDHI MOUNIKA MACHANAPALLY VISHAL GOUD | F81: Vignan Institute of Technology and Science | G81: CSE (AI&ML) | H81: 2nd Year | I81: 9912390007 9063598811 9182832455 | J81: =COUNTA('Team Wise'!D228:D230) -> 3
A82: 77 | B82: HV2-2026-OCT-5585 | C82: Mind Mesh | D82: Artificial Intelligence (AI) | E82: Sadwik Bussala Alugubelli Lokesh Reddy Sanjay Reddy Adulla | F82: Vignan Institute of Technology and Science | G82: CSE | H82: 3rd Year | I82: 9676439097 7670985522 9182435905 | J82: =COUNTA('Team Wise'!D231:D233) -> 3
A83: 78 | B83: HV2-2026-OCT-1845 | C83: NEXVION | D83: Artificial Intelligence (AI) | E83: Abbendha lokesh chandra Sukanti manasa Palle Jaswanth reddy | F83: Vignan Institute of Technology and Science | G83: CSE (AI&ML) | H83: 2nd Year | I83: 7993062038 9989384694 7093931689 | J83: =COUNTA('Team Wise'!D234:D236) -> 3
A84: 79 | B84: HV2-2026-OCT-2443 | C84: Namkeen | D84: Artificial Intelligence (AI) | E84: A.Navatej U.Khageswararao Ch.Mahaveer | F84: Vignan Institute of Technology and Science | G84: CSE (DS) | H84: 3rd Year | I84: 7569086727 9110504494 8008255141 | J84: =COUNTA('Team Wise'!D237:D239) -> 3
A85: 80 | B85: HV2-2026-OCT-1024 | C85: Nanoneurons | D85: Artificial Intelligence (AI) | E85: Kunchala kavya Kunchala chethana priya Gajula Abhiram | F85: Vignan Institute of Technology and Science Ellenki College of Engineering and Technology JNTU Hyderabad | G85: CSE (AI&ML) CSE ECE | H85: 4th Year 1st Year Postgraduate | I85: 9542222197 9542222199 8688226299 | J85: =COUNTA('Team Wise'!D240:D242) -> 3
A86: 81 | B86: HV2-2026-OCT-9119 | C86: Nerd coders | D86: Artificial Intelligence (AI) | E86: Myle Tejaswini Mrudula Nalabothu Chidimillasruthiswaraj | F86: Vignan Institute of Technology and Science | G86: CSE | H86: 3rd Year | I86: 8247722834 9398756567 8121648699 | J86: =COUNTA('Team Wise'!D243:D245) -> 3
A87: 82 | B87: HV2-2026-OCT-1575 | C87: Neural Grid | D87: Artificial Intelligence (AI) | E87: KARRE AMRITHA KUMAR DONTHULA AKSHARA DHULAM ARAVIND | F87: Marri Laxman Reddy Institute of Technology and Management (MLRITM) | G87: CSE (AI&ML) | H87: 3rd Year | I87: 9849999234 9987128598 6300298946 | J87: =COUNTA('Team Wise'!D246:D248) -> 3
A88: 83 | B88: HV2-2026-OCT-1144 | C88: Neural Ninjas | D88: Artificial Intelligence (AI) | E88: Sathwika Hanumanthula Anna Srija P Sai Geethika | F88: G Narayanamma Institute of Technology and Science (GNITS) | G88: CSE | H88: 3rd Year | I88: 7386382512 7601092610 8639931455 | J88: =COUNTA('Team Wise'!D249:D251) -> 3
A89: 84 | B89: HV2-2026-OCT-5098 | C89: Neural_Nomads | D89: Artificial Intelligence (AI) | E89: Amruthasri Burra Hansika Amilpur Saniya Shaik | F89: Vignan Institute of Technology and Science | G89: AIDS | H89: 3rd Year | I89: 8790723583 9059208072 8106187274 | J89: =COUNTA('Team Wise'!D252:D254) -> 3
A90: 85 | B90: HV2-2026-OCT-3150 | C90: NexAI | D90: Artificial Intelligence (AI) | E90: Jyothi sri Srihasini Smruthika | F90: Vignan Institute of Technology and Science | G90: AIDS | H90: 2nd Year | I90: 9391320303 8978984011 9441093660 | J90: =COUNTA('Team Wise'!D255:D257) -> 3
A91: 86 | B91: HV2-2026-OCT-9522 | C91: NexAi | D91: Artificial Intelligence (AI) | E91: Singabhat Lahari Chilimikoti Dhikshitha Tokala Sai Amulya Reddy | F91: ACE Engineering College | G91: CSE | H91: 2nd Year | I91: 7416163634 8885293880 9640749689 | J91: =COUNTA('Team Wise'!D258:D260) -> 3
A92: 87 | B92: HV2-2026-OCT-7226 | C92: NexGen Minds | D92: Artificial Intelligence (AI) | E92: Uppalapati Varshini Yeddula Rohith Reddy Aredla Dileep Reddy | F92: Vignan Institute of Technology and Science | G92: CSE | H92: 2nd Year | I92: 7032821892 6303283747 6303868419 | J92: =COUNTA('Team Wise'!D261:D263) -> 3
A93: 88 | B93: HV2-2026-OCT-3847 | C93: Nexivo | D93: Artificial Intelligence (AI) | E93: Y.Srujana Sana Nousheen Vanguri Deepika | F93: Vignan Institute of Technology and Science | G93: CSE (AI&ML) | H93: 2nd Year | I93: 8106392833 8978749992 8096433999 | J93: =COUNTA('Team Wise'!D264:D266) -> 3
A94: 89 | B94: HV2-2026-OCT-2657 | C94: Nexora | D94: Artificial Intelligence (AI) | E94: Edarapalli Naren S.Monitha Maddala Sushmitha | F94: SCSVMV University Aditya Degree College, Palakol Vishnu College, Bhimavaram | G94: AI&ML BCA CIVIL | H94: 2nd Year | I94: 6303737948 9959233147 9346426326 | J94: =COUNTA('Team Wise'!D267:D269) -> 3
A95: 90 | B95: HV2-2026-OCT-2944 | C95: Nexora | D95: Artificial Intelligence (AI) | E95: DAMA Akshitha M.Bhavana netha A.Navitha | F95: Vignan Institute of Technology and Science | G95: CSE (AI&ML) | H95: 2nd Year | I95: 7989774381 7893219279 6303296272 | J95: =COUNTA('Team Wise'!D270:D272) -> 3
A96: 91 | B96: HV2-2026-OCT-4967 | C96: Nexora | D96: Artificial Intelligence (AI) | E96: A.Anji Pagadala Sridevi B.Pooja | F96: Sri Chaitanya Technical Campus | G96: CSE | H96: 3rd Year | I96: 8121481089 7075042447 9573857246 | J96: =COUNTA('Team Wise'!D273:D275) -> 3
A97: 92 | B97: HV2-2026-OCT-6888 | C97: Nexora | D97: Artificial Intelligence (AI) | E97: bindu enugula Niveditha Kukunoori Raveena Sarikonda | F97: Vignan Institute of Technology and Science | G97: AIDS | H97: 3rd Year | I97: 9052628633 9676175782 8985579450 | J97: =COUNTA('Team Wise'!D276:D278) -> 3
A98: 93 | B98: HV2-2026-OCT-8532 | C98: Nexora AI | D98: Artificial Intelligence (AI) | E98: Ranga Pranathi Cheruku Amisha Dudigama Shivani | F98: Vignan Institute of Technology and Science | G98: CSE (AI&ML) | H98: 2nd Year | I98: 9866812154 9676922849 7337444539 | J98: =COUNTA('Team Wise'!D279:D281) -> 3
A99: 94 | B99: HV2-2026-OCT-6051 | C99: Nexus | D99: Artificial Intelligence (AI) | E99: Anuj Arun Kumar Ramtenki abhinay Kandadi Shiva charan Reddy | F99: Vignan Institute of Technology and Science | G99: CSE (DS) | H99: 3rd Year 2nd Year 3rd Year | I99: 7093224401 8712528025 9849231504 | J99: =COUNTA('Team Wise'!D282:D284) -> 3
A100: 95 | B100: HV2-2026-OCT-8089 | C100: Nexus | D100: Artificial Intelligence (AI) | E100: Pratigya Singh Hemanth Nirmal.A Nirmal tej reddy.P | F100: Vignan Institute of Technology and Science | G100: CSE (DS) | H100: 2nd Year | I100: 7989564372 7702172072 7075289087 | J100: =COUNTA('Team Wise'!D285:D287) -> 3
A101: 96 | B101: HV2-2026-OCT-8112 | C101: Nexus | D101: Artificial Intelligence (AI) | E101: Bodi Sai Anirudh Yadagani Sharanya Sri Hasini Lella | F101: Vignan Institute of Technology and Science | G101: CSE | H101: 3rd Year | I101: 6303167158 7780221108 7981295175 | J101: =COUNTA('Team Wise'!D288:D290) -> 3
A102: 97 | B102: HV2-2026-OCT-7589 | C102: Nexuscoders | D102: Artificial Intelligence (AI) | E102: Jival Sai Rama Gonuguntla Varshith vuppula Anshul | F102: Vignan Institute of Technology and Science | G102: AIDS | H102: 2nd Year | I102: 9182955334 7842777804 9642174414 | J102: =COUNTA('Team Wise'!D291:D293) -> 3
A103: 98 | B103: HV2-2026-OCT-4754 | C103: Nxt gen coders | D103: Artificial Intelligence (AI) | E103: Polagoni Ruchy Ram Gajjela Maneesh Mohd Akmal | F103: Vignan Institute of Technology and Science | G103: CSE (DS) CSE (AI&ML) CSE (DS) | H103: 2nd Year | I103: 8897478377 7799179909 8639183519 | J103: =COUNTA('Team Wise'!D294:D296) -> 3
A104: 99 | B104: HV2-2026-OCT-2292 | C104: OneDirection | D104: Artificial Intelligence (AI) | E104: Venkat Vivek Maharshi Karthik Siddharth | F104: Vignan Institute of Technology and Science | G104: CSE (DS) CSE (AI&ML) CSE (AI&ML) | H104: 2nd Year | I104: 9701543137 7981367290 6304783844 | J104: =COUNTA('Team Wise'!D297:D299) -> 3
...

Sheet CS
A5: Team No. | B5: Registration ID | C5: Team Name | D5: Track | E5: Team Member Names | F5: College | G5: Branch | H5: Year | I5: Phone No. | J5: Members
A6: 1 | B6: HV2-2026-OCT-2624 | C6: Astra-gpt6 | D6: Cyber Security | E6: Haneef Mohammad Billapati Yashwanth Reddy Mothuku Keerthana | F6: Vignan Institute of Technology and Science | G6: CSE | H6: 3rd Year | I6: 9676208652 9441819445 9100524513 | J6: =COUNTA('Team Wise'!D354:D356) -> 3
A7: 2 | B7: HV2-2026-OCT-6875 | C7: Axiom Three | D7: Cyber Security | E7: maithrika banda Baigani Prabhu Teja Manga Vikram | F7: Vignan Institute of Technology and Science Vignan Institute of Technology and Science Matrusri Engineering College | G7: CSE (DS) EEE CSE (DS) | H7: 3rd Year | I7: 8008804364 9963973677 9848306153 | J7: =COUNTA('Team Wise'!D357:D359) -> 3
A8: 3 | B8: HV2-2026-OCT-8554 | C8: Catalyst | D8: Cyber Security | E8: Kambhalapalli srinadh Chinthala shiva rama krishna Bollam Ajay | F8: Pallavi Engineering College | G8: CSE | H8: 3rd Year 2nd Year 2nd Year | I8: 7032363755 7670986689 7396967187 | J8: =COUNTA('Team Wise'!D360:D362) -> 3
A9: 4 | B9: HV2-2026-OCT-1915 | C9: Code Crusaders | D9: Cyber Security | E9: Ghanta Kowshik Kumar Yandamuri Venkat Bommisetty Pranava Sree | F9: Vignan Institute of Technology and Science | G9: CSE | H9: 4th Year 2nd Year 2nd Year | I9: 9652491275 9492513338 8977527418 | J9: =COUNTA('Team Wise'!D363:D365) -> 3
A10: 5 | B10: HV2-2026-OCT-3310 | C10: CyberNova | D10: Cyber Security | E10: Cheguri Varshasree Bujagouni Sakshitha Ravula Ashvitha | F10: Marri Laxman Reddy Institute of Technology and Management (MLRITM) | G10: ECE | H10: 2nd Year | I10: 8125192448 9490509459 6305566155 | J10: =COUNTA('Team Wise'!D366:D368) -> 3
A11: 6 | B11: HV2-2026-OCT-5095 | C11: CyberVanguard | D11: Cyber Security | E11: VAMANABATLA SAMANVITHA SHARMA Alladi Anjana Sri Binnala Ritu | F11: Marri Laxman Reddy Institute of Technology and Management (MLRITM) | G11: ECE | H11: 2nd Year | I11: 9911998448 9248439709 6309845685 | J11: =COUNTA('Team Wise'!D369:D371) -> 3
A12: 7 | B12: HV2-2026-OCT-3193 | C12: Cyvanta | D12: Cyber Security | E12: Valaboju Hamsika S.Arthi Jahnavi | F12: Vignan Institute of Technology and Science | G12: AIDS AIDS CSE | H12: 3rd Year | I12: 9440801653 9666122276 8712197493 | J12: =COUNTA('Team Wise'!D372:D374) -> 3
A13: 8 | B13: HV2-2026-OCT-1648 | C13: DRISTI | D13: Cyber Security | E13: VISHNU VARDHAN CHIRRAPU Nimmala Indu Bhukya Monali | F13: ACE Engineering College | G13: IT AIDS CSE (DS) | H13: 3rd Year 4th Year 2nd Year | I13: 9392980085 6304336527 9392458375 | J13: =COUNTA('Team Wise'!D375:D377) -> 3
A14: 9 | B14: HV2-2026-OCT-8167 | C14: Grand vice | D14: Cyber Security | E14: Talasani Mithul Reddy C Harshit J Sai Jashwanth | F14: Vignan Institute of Technology and Science | G14: IT | H14: 3rd Year | I14: 9948743042 9381258576 9494329249 | J14: =COUNTA('Team Wise'!D378:D380) -> 3
A15: 10 | B15: HV2-2026-OCT-4328 | C15: HackZen | D15: Cyber Security | E15: Afsha Mehreen Tarini Yamini | F15: ACE Engineering College | G15: CSE (DS) | H15: 2nd Year | I15: 7702952655 8019029777 8125664708 | J15: =COUNTA('Team Wise'!D381:D383) -> 3
A16: 11 | B16: HV2-2026-OCT-5039 | C16: Infinity coders | D16: Cyber Security | E16: Akhil Jammula Aerasani Pradeepthi Sai samhitha | F16: Vignan Institute of Technology and Science Anurag University Matrusri Engineering College | G16: CSE (DS) CSE CSE | H16: 3rd Year | I16: 9494297547 8019196392 7396291925 | J16: =COUNTA('Team Wise'!D384:D386) -> 3
A17: 12 | B17: HV2-2026-OCT-6290 | C17: LUFFY | D17: Cyber Security | E17: M.Sajay S.sri Manikandan Kanhaiya lal dindor | F17: AVCE, Pottalkulam | G17: CSE | H17: 3rd Year | I17: 7871090927 8428401607 9509374598 | J17: =COUNTA('Team Wise'!D387:D389) -> 3
A18: 13 | B18: HV2-2026-OCT-1291 | C18: LockIn | D18: Cyber Security | E18: Bhanu Teja Gupta Vuppu Md Muzaffar B Saharsha | F18: CVR College of Engineering | G18: CSE | H18: 3rd Year | I18: 9440394651 6300045034 9063123199 | J18: =COUNTA('Team Wise'!D390:D392) -> 3
A19: 14 | B19: HV2-2026-OCT-8109 | C19: Phantomx | D19: Cyber Security | E19: Shaik Shaher Bano Noorjahan Vedere Siri Chandana Reddy B.Divya | F19: Vignan Institute of Technology and Science | G19: CSE | H19: 3rd Year | I19: 9963004559 9182614305 9390598541 | J19: =COUNTA('Team Wise'!D393:D395) -> 3
A20: 15 | B20: HV2-2026-OCT-9688 | C20: Sathwika | D20: Cyber Security | E20: Srinidhi Narani Sathwika Reddy Gade Ristesh kota | F20: Vignan Institute of Technology and Science Vignan Institute of Technology and Science Mahindra University | G20: CSE (DS) AIDS CSE (DS) | H20: 3rd Year 3rd Year 2nd Year | I20: 6309637995 9676834000 8332907441 | J20: =COUNTA('Team Wise'!D396:D398) -> 3
A21: 16 | B21: HV2-2026-OCT-2367 | C21: Scout Regiment | D21: Cyber Security | E21: D.Bharanish K.Tejaswini N.Koushal | F21: Vignan's Foundation for Science, Technology & Research (Vignan University) | G21: CSE (DS) CSE CSE (DS) | H21: 1st Year | I21: 7396337438 95737361258 9014001844 | J21: =COUNTA('Team Wise'!D399:D401) -> 3
A22: 17 | B22: HV2-2026-OCT-3987 | C22: Syntax error | D22: Cyber Security | E22: T vikram M Vishal P harshith | F22: Vignan Institute of Technology and Science | G22: IT | H22: 3rd Year | I22: 9705048160 7330869671 8121732531 | J22: =COUNTA('Team Wise'!D402:D404) -> 3
A23: 18 | B23: HV2-2026-OCT-5055 | C23: Team Rolex | D23: Cyber Security | E23: Tanneru Naga Charan Tej Anampally Sai Rakshith Oruganti Pranav Sri Datta | F23: Vignan Institute of Technology and Science | G23: CSE | H23: 3rd Year | I23: 6304510542 8187059394 9490262822 | J23: =COUNTA('Team Wise'!D405:D407) -> 3
A24: 19 | B24: HV2-2026-OCT-8785 | C24: Team Void | D24: Cyber Security | E24: Nikhil Reddy P Sathwika M Sanjay | F24: Vignan Institute of Technology and Science | G24: CSE (DS) | H24: 3rd Year | I24: 9491659096 9392627325 9849655411 | J24: =COUNTA('Team Wise'!D408:D410) -> 3
A25: 20 | B25: HV2-2026-OCT-6282 | C25: Team Vulcan | D25: Cyber Security | E25: G.Sai Srihas K.Swapnil B.Bharadwaj | F25: Vignan Institute of Technology and Science Keshav Memorial Institute of Technology (KMIT) Neil Gogte Institute of Technology | G25: CSE CSE (AI&ML) CSE (AI&ML) | H25: 3rd Year | I25: 9652692268 7207800660 9391237318 | J25: =COUNTA('Team Wise'!D411:D413) -> 3
A26: 21 | B26: HV2-2026-OCT-3686 | C26: Trinetra | D26: Cyber Security | E26: Ramya Mandava S.pranathi P.Bhavya | F26: Vignan Institute of Technology and Science | G26: CSE | H26: 3rd Year | I26: 6303283079 8008606832 9494508239 | J26: =COUNTA('Team Wise'!D414:D416) -> 3
A27: 22 | B27: HV2-2026-OCT-3333 | C27: Trojan Horses | D27: Cyber Security | E27: S SAJID BASHA B ABHINAV ESHWAR REDDY | F27: Vignan Institute of Technology and Science | G27: CSE (DS) | H27: 3rd Year | I27: 7075107431 7416009806 6281519839 | J27: =COUNTA('Team Wise'!D417:D419) -> 3
A28: 23 | B28: HV2-2026-OCT-7164 | C28: VignanTree | D28: Cyber Security | E28: Alakuchi Anirudh Syed Ghayas Ur Rehman J Venkata Sai Ravi Raj | F28: Vignan Institute of Technology and Science | G28: CSE | H28: 3rd Year | I28: 9121094699 9666164416 8008845058 | J28: =COUNTA('Team Wise'!D420:D422) -> 3
A29: 24 | B29: HV2-2026-OCT-2114 | C29: cybershield 2.0 | D29: Cyber Security | E29: Pasula Reshma Gandeti Goutham R.Sathwika | F29: AVN Institute of Engineering and Technology Vignan Institute of Technology and Science Vignan Institute of Technology and Science | G29: CSE CSE (AI&ML) CSE (AI&ML) | H29: 3rd Year | I29: 9652982759 6309123856 9032352474 | J29: =COUNTA('Team Wise'!D423:D425) -> 3
A30: 25 | B30: HV2-2026-OCT-4496 | C30: espresso | D30: Cyber Security | E30: T Hemanth K Spoorthi Reddy R pranay Kumar | F30: Vignan's Foundation for Science, Technology & Research (Vignan University) | G30: CSE (DS) | H30: 1st Year | I30: 9014106846 9030350730 7989235132 | J30: =COUNTA('Team Wise'!D426:D428) -> 3
A31: 26 | B31: HV2-2026-OCT-6975 | C31: prisha | D31: Cyber Security | E31: Prisha Priyanjal milika reddy Akshitha Reddy | F31: Vignan Institute of Technology and Science | G31: AIDS | H31: 3rd Year | I31: 9493903251 9573604089 9989392885 | J31: =COUNTA('Team Wise'!D429:D431) -> 3

Sheet IOT
A5: Team No. | B5: Registration ID | C5: Team Name | D5: Track | E5: Team Member Names | F5: College | G5: Branch | H5: Year | I5: Phone No. | J5: Members
A6: 1 | B6: HV2-2026-OCT-6458 | C6: 3gger pulse | D6: Internet of Things (IOT) | E6: Likhitha Vinnakota Molankar Tejeshwini Yanagandala Tejesh | F6: Vignan Institute of Technology and Science | G6: ECE CSE (DS) CSE (DS) | H6: 3rd Year | I6: 7893770062 9390792019 7893818817 | J6: =COUNTA('Team Wise'!D406:D408) -> 3 | K6: =COUNTIF('Team Wise'!K406:K408,"Present") -> 0
A7: 2 | B7: HV2-2026-OCT-9520 | C7: ERROR-404 | D7: Internet of Things (IOT) | E7: R.Vidya Shankar vemuri vijayeswarara rao N. Meenakshi Srinidhi | F7: Vignan Institute of Technology and Science | G7: CSE (AI&ML) CSE (AI&ML) EIE | H7: 3rd Year | I7: 9360921529 8332932136 7207403604 | J7: =COUNTA('Team Wise'!D409:D411) -> 3 | K7: =COUNTIF('Team Wise'!K409:K411,"Present") -> 0
A8: 3 | B8: HV2-2026-OCT-6161 | C8: Mechanical Mavericks | D8: Internet of Things (IOT) | E8: Pravinya Valluri Bandaru Bhuvaneshwari Gopagani Sanjay | F8: Vignan Institute of Technology and Science | G8: MECH | H8: 3rd Year | I8: 9110329739 9849660756 9063431086 | J8: =COUNTA('Team Wise'!D412:D414) -> 3 | K8: =COUNTIF('Team Wise'!K412:K414,"Present") -> 0
A9: 4 | B9: HV2-2026-OCT-6112 | C9: Nullvector | D9: Internet of Things (IOT) | E9: Pothuganti Ganateju Avvaru sriya PANGULURI VYSHNAVI | F9: Vignan's Foundation for Science, Technology & Research (Vignan University) | G9: ECE | H9: 3rd Year | I9: 9502479610 7075229139 8919416257 | J9: =COUNTA('Team Wise'!D415:D417) -> 3 | K9: =COUNTIF('Team Wise'!K415:K417,"Present") -> 0
A10: 5 | B10: HV2-2026-OCT-5380 | C10: Ravens | D10: Internet of Things (IOT) | E10: Vanavoju Varshitha Vadakattu Bharath B.Ashwith | F10: Vignan Institute of Technology and Science | G10: CSE (DS) | H10: 3rd Year | I10: 9390442352 9063639625 7386770214 | J10: =COUNTA('Team Wise'!D418:D420) -> 3 | K10: =COUNTIF('Team Wise'!K418:K420,"Present") -> 0
A11: 6 | B11: HV2-2026-OCT-4925 | C11: Shouryanga | D11: Internet of Things (IOT) | E11: E Rithvk Nag Karunya Rajasekhar Kothapalli CH Harshit | F11: Vignan Institute of Technology and Science | G11: ECE CSE IT | H11: 2nd Year | I11: 7995712308 9398191633 9014516625 | J11: =COUNTA('Team Wise'!D421:D423) -> 3 | K11: =COUNTIF('Team Wise'!K421:K423,"Present") -> 0
A12: 7 | B12: HV2-2026-OCT-3998 | C12: TEAM FALCONS | D12: Internet of Things (IOT) | E12: PENTA RISHI VASTHAL CHAKRAHARI HARSHITH RAJU MADHAVARAM JASWANTH | F12: Vignan Institute of Technology and Science | G12: CSE | H12: 2nd Year | I12: 9110764728 6303326553 7893784959 | J12: =COUNTA('Team Wise'!D424:D426) -> 3 | K12: =COUNTIF('Team Wise'!K424:K426,"Present") -> 0
A13: 8 | B13: HV2-2026-OCT-8439 | C13: Titans | D13: Internet of Things (IOT) | E13: Siddartha Samala Y Harsha krishna Burri Ruthwik | F13: Vignan Institute of Technology and Science | G13: CSE (DS) | H13: 3rd Year | I13: 9030520458 8125418662 9515276423 | J13: =COUNTA('Team Wise'!D427:D429) -> 3 | K13: =COUNTIF('Team Wise'!K427:K429,"Present") -> 0

Sheet NA
A5: Team No. | B5: Registration ID | C5: Team Name | D5: Track | E5: Team Member Names | F5: College | G5: Branch | H5: Year | I5: Phone No. | J5: Members
A6: 1 | B6: UCQP3790 | C6: EVA-01 | D6: Not specified | E6: Taufiq Mohammad Sai Ashika Katragadda Ashwaq Mohammad | F6: Institute of Aeronautical Engineering (IARE) Nalla Narasimha Reddy Group of Institutions (NNRG) | G6: ECE Other ECE | H6: 3rd Year 3rd Year 2nd Year | I6: Not provided Not provided Not provided | J6: =COUNTA('Team Wise'!D422:D424) -> 3
A7: 2 | B7: UN79QH19 | C7: Forward Minds | D7: Not specified | E7: RAVITEJA Dadi Prasastha D Satya Lokesh Dharamavarapu | F7: V.S.M College of Engineering | G7: CSE | H7: 3rd Year | I7: Not provided Not provided Not provided | J7: =COUNTA('Team Wise'!D425:D427) -> 3
A8: 3 | B8: U71HW20J | C8: Impact hackers | D8: Not specified | E8: Sriphani Dhanwanth Tharun Abhinay Sitaram | F8: Anurag Engineering College (Kodad) | G8: CSE | H8: 3rd Year | I8: Not provided Not provided Not provided | J8: =COUNTA('Team Wise'!D428:D430) -> 3
A9: 4 | B9: UZ2O2K21 | C9: Smart tech | D9: Not specified | E9: Hari Bilapudi Lavanya Chelle Anusha Dwarampudi | F9: V.S.M College of Engineering | G9: CSE | H9: 3rd Year | I9: Not provided Not provided Not provided | J9: =COUNTA('Team Wise'!D431:D433) -> 3

Sheet 1ST
A5: Team No. | B5: Registration ID | C5: Team Name | D5: Track | E5: Team Member Names | F5: College | G5: Branch | H5: Year | I5: Phone No. | J5: Members
A6: 1 | B6: HV2-2026-OCT-4698 | C6: #HackNova | D6: Artificial Intelligence (AI) | E6: Pasham Akanksha Reddy Srinivas Nayak Ramavath Pasham Hrithik Reddy | F6: Vignan Institute of Technology and Science | G6: AIDS | H6: 1st Year | I6: 9652601387 7680028395 8985540655 | J6: 3
A7: 2 | B7: HV2-2026-OCT-7433 | C7: HACK HUSTLERS | D7: Artificial Intelligence (AI) | E7: MD ISMAIL ANSARI A Lucky K.Chethan | F7: Vignan's Foundation for Science, Technology & Research (Vignan University) | G7: CSE | H7: 1st Year | I7: 8235520824 8309838926 7601006224 | J7: 3
A8: 3 | B8: HV2-2026-OCT-3356 | C8: Hack Terminators | D8: Artificial Intelligence (AI) | E8: Patil.RamyaSri Singireddy.Siri Yellanki.Sirivennela | F8: Vignan Institute of Technology and Science | G8: AIDS | H8: 1st Year | I8: 8341507702 7386864751 7095891137 | J8: 3
A9: 4 | B9: HV2-2026-OCT-6702 | C9: Ragnar | D9: Artificial Intelligence (AI) | E9: Sreeraj Thalappalli Atharva Malgatti Naqhi Niazi | F9: Golden Gate University | G9: AI&ML AI&ML IT | H9: 1st Year | I9: 7306221632 9322380971 7021677094 | J9: 3
A10: 5 | B10: HV2-2026-OCT-3677 | C10: Syntax.Error | D10: Artificial Intelligence (AI) | E10: Aashrith Gupta Nitika krishna.K Khushi Thalla | F10: Vignan Institute of Technology and Science | G10: IT | H10: 1st Year | I10: 8248049855 9030828356 8897483147 | J10: 3
A11: 6 | B11: HV2-2026-OCT-9957 | C11: TUMORTRACKERS | D11: Artificial Intelligence (AI) | E11: A.LaxmiKishore B.ShubanSai S.JayaPrakash | F11: Vignan Institute of Technology and Science | G11: AIDS | H11: 1st Year | I11: 9063455200 8978698459 9505199866 | J11: 3
A12: 7 | B12: HV2-2026-OCT-3140 | C12: Tech Buddies | D12: Artificial Intelligence (AI) | E12: LAKSHMI NARASIMHA REDDY MARAM RISHI RAJ Ravi Shankar | F12: Keshav Memorial Institute of Technology (KMIT) | G12: CSE | H12: 1st Year | I12: 8019015526 7396956081 8125947299 | J12: 3
A13: 8 | B13: HV2-2026-OCT-4175 | C13: VisionX | D13: Artificial Intelligence (AI) | E13: G venkata satvik Pola Sadhika Eslavath varun | F13: Vignan Institute of Technology and Science Vignan Institute of Technology and Science CVR College of Engineering | G13: CSE (AI&ML) | H13: 1st Year | I13: 9347894341 7842514989 8187099935 | J13: 3
A14: 9 | B14: HV2-2026-OCT-6517 | C14: WeGotLatent | D14: Artificial Intelligence (AI) | E14: Sri Charan Varma P Shivadeekshith Reddy S R Sree Sai Lochan | F14: Vignan Institute of Technology and Science | G14: CSE | H14: 1st Year | I14: 7013787104 9640861234 9966009403 | J14: 3
A15: 10 | B15: HV2-2026-OCT-2639 | C15: open bot swarms | D15: Artificial Intelligence (AI) | E15: VENEPALLI AJAY KRUTHIK SAI VANAPALLY PRANEETH REDDY Srinidhimaringnati | F15: Vignan's Foundation for Science, Technology & Research (Vignan University) | G15: ECE CSE CSE (AI&ML) | H15: 1st Year | I15: 6281035202 8978881882 9398501119 | J15: 3
A16: 11 | B16: HV2-2026-OCT-2367 | C16: Scout Regiment | D16: Cyber Security | E16: D.Bharanish K.Tejaswini N.Koushal | F16: Vignan's Foundation for Science, Technology & Research (Vignan University) | G16: CSE (DS) CSE CSE (DS) | H16: 1st Year | I16: 7396337438 95737361258 9014001844 | J16: 3
A17: 12 | B17: HV2-2026-OCT-4496 | C17: espresso | D17: Cyber Security | E17: T Hemanth K Spoorthi Reddy R pranay Kumar | F17: Vignan's Foundation for Science, Technology & Research (Vignan University) | G17: CSE (DS) | H17: 1st Year | I17: 9014106846 9030350730 7989235132 | J17: 3

Sheet 2ND
A5: Team No. | B5: Registration ID | C5: Team Name | D5: Track | E5: Team Member Names | F5: College | G5: Branch | H5: Year | I5: Phone No. | J5: Members
A6: 1 | B6: HV2-2026-OCT-1818 | C6: AI mavericks | D6: Artificial Intelligence (AI) | E6: Vaggu Sahasra krupalini kasoju Gangapuram Sai Charan | F6: Vignan Institute of Technology and Science | G6: CSE (DS) CIVIL MECH | H6: 2nd Year | I6: 9908982106 9100326179 9666895769 | J6: 3 | K6: 0
A7: 2 | B7: HV2-2026-OCT-1348 | C7: AI-tians | D7: Artificial Intelligence (AI) | E7: Mikkilineni Pravarshitha P Pranathi SINGAM SAI HARSHITH | F7: Vignan Institute of Technology and Science | G7: CSE (AI&ML) | H7: 2nd Year | I7: 8985359921 9381261938 7660042977 | J7: 3 | K7: 0
A8: 3 | B8: HV2-2026-OCT-4878 | C8: Advitheeya | D8: Artificial Intelligence (AI) | E8: Badugu Nigama Nakarakanti Yuva Keerthi Kan Kushi Kumari | F8: Vignan Institute of Technology and Science | G8: AIDS | H8: 2nd Year | I8: 7032177918 8074382611 9490706546 | J8: 3 | K8: 0
A9: 4 | B9: HV2-2026-OCT-4906 | C9: AiFinishers | D9: Artificial Intelligence (AI) | E9: Badavath vishnu Boya mukesh Janga chandan | F9: Vignan Institute of Technology and Science | G9: CSE (DS) | H9: 2nd Year | I9: 7396616379 7815858411 8247030165 | J9: 3 | K9: 0
A10: 5 | B10: HV2-2026-OCT-2695 | C10: Alide | D10: Artificial Intelligence (AI) | E10: Abhiram Mohammad Arif Sathish | F10: Vignan Institute of Technology and Science | G10: CSE (AI&ML) | H10: 2nd Year | I10: 8008189293 8074047607 8712214574 | J10: 3 | K10: 0
A11: 6 | B11: HV2-2026-OCT-7565 | C11: All stars | D11: Artificial Intelligence (AI) | E11: katakam supraja N.arun M ARAVIND | F11: Vignan Institute of Technology and Science | G11: CSE | H11: 2nd Year | I11: 9490948538 8639459203 6281094261 | J11: 3 | K11: 0
A12: 7 | B12: HV2-2026-OCT-4338 | C12: BLITZ | D12: Artificial Intelligence (AI) | E12: Tejeshwar Reddy Addula Byreddy Sushank Reddy Chandaluri Sri Harsha | F12: Vignan Institute of Technology and Science | G12: CSE (AI&ML) | H12: 2nd Year | I12: 7382838743 8332051480 9100865190 | J12: 3 | K12: 0
A13: 8 | B13: HV2-2026-OCT-6520 | C13: Black Pearl | D13: Artificial Intelligence (AI) | E13: Danthenapally Srivarshitha Gollapalli Chakradhar Chary Kota Uday Reddy | F13: CVR College of Engineering Sri Venkateshwara College of Engineering CVR College of Engineering | G13: CSE (DS) CSE (AI&ML) CSE (DS) | H13: 2nd Year | I13: 6309934781 7013280417 9347004550 | J13: 3 | K13: 0
A14: 9 | B14: HV2-2026-OCT-4594 | C14: BoldCoders | D14: Artificial Intelligence (AI) | E14: Kasoju SpuranChandra Maddineni Yashashwini Pothuganti Sonalika | F14: Vignan Institute of Technology and Science | G14: CSE | H14: 2nd Year | I14: 9515067709 7793963851 8332044969 | J14: 3 | K14: 0
A15: 10 | B15: HV2-2026-OCT-3629 | C15: BroCode | D15: Artificial Intelligence (AI) | E15: Varshini Bodige Harika Gummalla Kancharla Manish Kumar | F15: Vignan Institute of Technology and Science | G15: CSE | H15: 2nd Year | I15: 9182392386 9121555751 9948437820 | J15: 3 | K15: 0
A16: 11 | B16: HV2-2026-OCT-4616 | C16: Bug Slayers | D16: Artificial Intelligence (AI) | E16: Padarthi Divya Sri Chirra Hasini Chamakura Yamini | F16: ACE Engineering College | G16: CSE (DS) CSE (AI&ML) CSE (DS) | H16: 2nd Year | I16: 9618719572 8341223438 7989609328 | J16: 3 | K16: 0
A17: 12 | B17: HV2-2026-OCT-9242 | C17: Clause's Plan | D17: Artificial Intelligence (AI) | E17: Sashreek Reddy Kanaparthy Aryan Sai Chandrakanth | F17: Vignan Institute of Technology and Science | G17: CSE | H17: 2nd Year | I17: 9059949889 7416481279 6281696284 | J17: 3 | K17: 0
... A88: 83 | B88: HV2-2026-OCT-3998 | C88: TEAM FALCONS | D88: Internet of Things (IOT) | E88: PENTA RISHI VASTHAL CHAKRAHARI HARSHITH RAJU MADHAVARAM JASWANTH | F88: Vignan Institute of Technology and Science | G88: CSE | H88: 2nd Year | I88: 9110764728 6303326553 7893784959 | J88: 3 | K88: 0

Sheet 3RD
A5: Team No. | B5: Registration ID | C5: Team Name | D5: Track | E5: Team Member Names | F5: College | G5: Branch | H5: Year | I5: Phone No. | J5: Members
A6: 1 | B6: HV2-2026-OCT-4899 | C6: ARITRA | D6: Artificial Intelligence (AI) | E6: Chathur M Vaahini G p sandeep | F6: Vignan Institute of Technology and Science | G6: AIDS AIDS CSE (DS) | H6: 2nd Year 2nd Year 3rd Year | I6: 9291619080 9391286222 7093447407 | J6: 3 | K6: 0
A7: 2 | B7: HV2-2026-OCT-4104 | C7: Aevora | D7: Artificial Intelligence (AI) | E7: Praseeja Sunkari Vanja Akshitha B.Vaishnavi | F7: Vignan Institute of Technology and Science | G7: CSE (AI&ML) CSE (DS) CSE (DS) | H7: 3rd Year | I7: 7842731141 7569220914 7416127993 | J7: 3 | K7: 0
A8: 3 | B8: HV2-2026-OCT-5358 | C8: Al Avengers | D8: Artificial Intelligence (AI) | E8: Sathu. Goutham Reddy Gudipelli. Manoj Kongari. Udayasree | F8: Vignan Institute of Technology and Science | G8: CSE (DS) CSE (AI&ML) CSE (DS) | H8: 3rd Year | I8: 9154184676 8179544286 6303036707 | J8: 3 | K8: 0
A9: 4 | B9: HV2-2026-OCT-4614 | C9: Algo squad | D9: Artificial Intelligence (AI) | E9: Poloju vasavi Mohammad saniya Pittala harika | F9: Vignan Institute of Technology and Science | G9: CSE | H9: 3rd Year | I9: 9392793987 9848364850 6309460308 | J9: 3 | K9: 0
A10: 5 | B10: HV2-2026-OCT-5946 | C10: Bits x Bytes | D10: Artificial Intelligence (AI) | E10: Neha Reddy K Koduri Sri Harsha I Sahasra | F10: Vignan Institute of Technology and Science | G10: CSE (DS) CSE CSE (DS) | H10: 3rd Year | I10: 7093677995 9652867531 9347883612 | J10: 3 | K10: 0
A11: 6 | B11: HV2-2026-OCT-3585 | C11: BrainRot Brats | D11: Artificial Intelligence (AI) | E11: Aasheerwad Sandhyapogu Vishal reddy Syed Omer | F11: Vignan Institute of Technology and Science | G11: CSE (AI&ML) | H11: 3rd Year | I11: 7702363562 9849019832 7981537348 | J11: 3 | K11: 0
A12: 7 | B12: HV2-2026-OCT-9150 | C12: Code & Slay | D12: Artificial Intelligence (AI) | E12: Anthati Ruthika Ithagoni Jyothsnasri Kusuru Divya | F12: Vignan Institute of Technology and Science | G12: CSE | H12: 3rd Year | I12: 9705884131 9121954394 9391433725 | J12: 3 | K12: 0
A13: 8 | B13: HV2-2026-OCT-6128 | C13: Code cube | D13: Artificial Intelligence (AI) | E13: Padakanti varsha Ubbu Rohini Palsam Maneesha | F13: Vignan Institute of Technology and Science | G13: CSE | H13: 3rd Year | I13: 6304218536 9603272908 9014710274 | J13: 3 | K13: 0
A14: 9 | B14: HV2-2026-OCT-4305 | C14: Code rush | D14: Artificial Intelligence (AI) | E14: chegurisahasra21 chegurisamaghna21 shivaniappala | F14: Vignan Institute of Technology and Science | G14: CSE | H14: 3rd Year | I14: 9573609225 9849747585 6304128615 | J14: 3 | K14: 0
A15: 10 | B15: HV2-2026-OCT-8620 | C15: Code × Crash | D15: Artificial Intelligence (AI) | E15: Daroori Abhignya S.Ruchitha Tejaswi Pendyala | F15: Vignan's Institute of Management and Technology for Women (VMTW) | G15: CSE (DS) | H15: 3rd Year | I15: 8247203142 9866193388 9391281815 | J15: 3 | K15: 0
A16: 11 | B16: HV2-2026-OCT-6582 | C16: CodeAlpha | D16: Artificial Intelligence (AI) | E16: Golconda Yeshwanth Kumar Polepaka Mahesh Velpula Vyshali | F16: Anurag Engineering College (Kodad) | G16: CSE | H16: 3rd Year | I16: 7075320652 7013197272 9542224334 | J16: 3 | K16: 0
A17: 12 | B17: HV2-2026-OCT-5487 | C17: CodeHelix | D17: Artificial Intelligence (AI) | E17: G.Rishitha K.shirisha Gondi Soumya reddy | F17: Vignan Institute of Technology and Science | G17: CSE | H17: 3rd Year | I17: 7997182157 9652166330 9848546409 | J17: 3 | K17: 0
... A110: 105 | B110: UZ2O2K21 | C110: Smart tech | D110: Not specified | E110: Hari Bilapudi Lavanya Chelle Anusha Dwarampudi | F110: V.S.M College of Engineering | G110: CSE | H110: 3rd Year | I110: Not provided Not provided Not provided | J110: 3 | K110: 0

Sheet 4TH
A5: Team No. | B5: Registration ID | C5: Team Name | D5: Track | E5: Team Member Names | F5: College | G5: Branch | H5: Year | I5: Phone No. | J5: Members
A6: 1 | B6: HV2-2026-OCT-5745 | C6: Code Blooded | D6: Artificial Intelligence (AI) | E6: Yamini Thirumani Puvvadi Sakhitha Harshitha Puliroju | F6: G Narayanamma Institute of Technology and Science (GNITS) | G6: CSE (DS) CSE (AI&ML) CSE (DS) | H6: 4th Year | I6: 7995693895 9398899334 6305406660 | J6: 3 | K6: 0
A7: 2 | B7: HV2-2026-OCT-5283 | C7: Coders | D7: Artificial Intelligence (AI) | E7: Neelam Anjali Nikhil Mudigonda Srujana Sadhu | F7: KL University (KLH) | G7: CSE | H7: 4th Year 3rd Year 3rd Year | I7: 9985859422 8341664756 9491516765 | J7: 3 | K7: 0
A8: 3 | B8: HV2-2026-OCT-2217 | C8: Kanya Rasi | D8: Artificial Intelligence (AI) | E8: Sneha Nomula Vennamaneni Harshini Tallapally Manognya | F8: Vignan Institute of Technology and Science | G8: CSE (AI&ML) | H8: 4th Year | I8: 9381130962 8639144995 9154508984 | J8: 3 | K8: 0
A9: 4 | B9: HV2-2026-OCT-9308 | C9: Kanyarasi | D9: Artificial Intelligence (AI) | E9: Dhanush Ashritha M Narotham | F9: Nalla Narasimha Reddy Group of Institutions (NNRG) | G9: AI&ML | H9: 4th Year | I9: 7901499699 8985889036 9346960067 | J9: 3 | K9: 0
A10: 5 | B10: HV2-2026-OCT-1024 | C10: Nanoneurons | D10: Artificial Intelligence (AI) | E10: Kunchala kavya Kunchala chethana priya Gajula Abhiram | F10: Vignan Institute of Technology and Science Ellenki College of Engineering and Technology JNTU Hyderabad | G10: CSE (AI&ML) CSE ECE | H10: 4th Year 1st Year Postgraduate | I10: 9542222197 9542222199 8688226299 | J10: 3 | K10: 0
A11: 6 | B11: HV2-2026-OCT-7140 | C11: Team Inspired X | D11: Artificial Intelligence (AI) | E11: Shaik Aifaz Pala Aishwarya Pabba Sai Harsha | F11: Vignan Institute of Technology and Science Vignan Institute of Technology and Science Kasireddy Narayanreddy College of Engineering | G11: IT CSE CSE (AI&ML) | H11: 4th Year 3rd Year 3rd Year | I11: 9390896534 9676170890 9110398116 | J11: 3 | K11: 0
A12: 7 | B12: HV2-2026-OCT-4110 | C12: Tech Trilogy | D12: Artificial Intelligence (AI) | E12: Tejdeep Munjampally B V Pavan Kalyan Gurjapalli Srujan Anirudh | F12: Vignan Institute of Technology and Science | G12: CSE | H12: 4th Year | I12: 7569784079 6300874602 9063087602 | J12: 3 | K12: 0
A13: 8 | B13: HV2-2026-OCT-7478 | C13: Top Gun | D13: Artificial Intelligence (AI) | E13: Gunturi Venkata Sri Raghavendra OGIRALA VENKATA ANJANEYA PHANINDRA Kartheek Hasanabada | F13: ACE Engineering College | G13: CSE (AI&ML) CSE CSE (AI&ML) | H13: 4th Year 3rd Year 3rd Year | I13: 6281691232 9063008379 6303102806 | J13: 3 | K13: 0
A14: 9 | B14: HV2-2026-OCT-6025 | C14: VRUCCHIKARAASI | D14: Artificial Intelligence (AI) | E14: Nithin sai Mikkilineni sumana sri Sai Teja | F14: Nalla Narasimha Reddy Group of Institutions (NNRG) | G14: CSE (AI&ML) | H14: 4th Year | I14: 9703613458 9603613458 9502956808 | J14: 3 | K14: 0
A15: 10 | B15: HV2-2026-OCT-9929 | C15: VisionX | D15: Artificial Intelligence (AI) | E15: MUSHTIPALLY SHRAVYA SHRUTHI NETHALLA ANUSRI KOMIRELLY SNEHA | F15: Vignan Institute of Technology and Science | G15: CSE | H15: 4th Year | I15: 9550250405 9390750640 7075991881 | J15: 3 | K15: 0
A16: 11 | B16: HV2-2026-OCT-4670 | C16: Zorvium | D16: Artificial Intelligence (AI) | E16: Raja Murugesh Patti Vinay Kumar Butti Meghana | F16: Vardhaman College of Engineering | G16: CSE (DS) CSE CSE (DS) | H16: 2nd Year 2nd Year 4th Year | I16: 8247514341 9392513435 6303109207 | J16: 3 | K16: 0
A17: 12 | B17: HV2-2026-OCT-4358 | C17: localhost:8000 | D17: Artificial Intelligence (AI) | E17: Nakka Sreenitya Pendem vinay V Sai charan | F17: Vignan Institute of Technology and Science | G17: CSE (DS) CSE (DS) MECH | H17: 3rd Year 3rd Year 4th Year | I17: 7672060178 8919814429 7386951961 | J17: 3 | K17: 0
... A19: 14 | B19: HV2-2026-OCT-1648 | C19: DRISTI | D19: Cyber Security | E19: VISHNU VARDHAN CHIRRAPU Nimmala Indu Bhukya Monali | F19: ACE Engineering College | G19: IT AIDS CSE (DS) | H19: 3rd Year 4th Year 2nd Year | I19: 9392980085 6304336527 9392458375 | J19: 3 | K19: 0

Sheet VIGNAN
A5: Team No. | B5: Registration ID | C5: Team Name | D5: Track | E5: Team Member Names | F5: College | G5: Branch | H5: Year | I5: Phone No. | J5: Members
A6: 1 | B6: HV2-2026-OCT-4698 | C6: #HackNova | D6: Artificial Intelligence (AI) | E6: Pasham Akanksha Reddy Srinivas Nayak Ramavath Pasham Hrithik Reddy | F6: Vignan Institute of Technology and Science | G6: AIDS | H6: 1st Year | I6: 9652601387 7680028395 8985540655 | J6: 3 | K6: 0
A7: 2 | B7: HV2-2026-OCT-1818 | C7: AI mavericks | D7: Artificial Intelligence (AI) | E7: Vaggu Sahasra krupalini kasoju Gangapuram Sai Charan | F7: Vignan Institute of Technology and Science | G7: CSE (DS) CIVIL MECH | H7: 2nd Year | I7: 9908982106 9100326179 9666895769 | J7: 3 | K7: 0
A8: 3 | B8: HV2-2026-OCT-1348 | C8: AI-tians | D8: Artificial Intelligence (AI) | E8: Mikkilineni Pravarshitha P Pranathi SINGAM SAI HARSHITH | F8: Vignan Institute of Technology and Science | G8: CSE (AI&ML) | H8: 2nd Year | I8: 8985359921 9381261938 7660042977 | J8: 3 | K8: 0
A9: 4 | B9: HV2-2026-OCT-4899 | C9: ARITRA | D9: Artificial Intelligence (AI) | E9: Chathur M Vaahini G p sandeep | F9: Vignan Institute of Technology and Science | G9: AIDS AIDS CSE (DS) | H9: 2nd Year 2nd Year 3rd Year | I9: 9291619080 9391286222 7093447407 | J9: 3 | K9: 0
A10: 5 | B10: HV2-2026-OCT-4878 | C10: Advitheeya | D10: Artificial Intelligence (AI) | E10: Badugu Nigama Nakarakanti Yuva Keerthi Kan Kushi Kumari | F10: Vignan Institute of Technology and Science | G10: AIDS | H10: 2nd Year | I10: 7032177918 8074382611 9490706546 | J10: 3 | K10: 0
A11: 6 | B11: HV2-2026-OCT-4104 | C11: Aevora | D11: Artificial Intelligence (AI) | E11: Praseeja Sunkari Vanja Akshitha B.Vaishnavi | F11: Vignan Institute of Technology and Science | G11: CSE (AI&ML) CSE (DS) CSE (DS) | H11: 3rd Year | I11: 7842731141 7569220914 7416127993 | J11: 3 | K11: 0
A12: 7 | B12: HV2-2026-OCT-4906 | C12: AiFinishers | D12: Artificial Intelligence (AI) | E12: Badavath vishnu Boya mukesh Janga chandan | F12: Vignan Institute of Technology and Science | G12: CSE (DS) | H12: 2nd Year | I12: 7396616379 7815858411 8247030165 | J12: 3 | K12: 0
A13: 8 | B13: HV2-2026-OCT-5358 | C13: Al Avengers | D13: Artificial Intelligence (AI) | E13: Sathu. Goutham Reddy Gudipelli. Manoj Kongari. Udayasree | F13: Vignan Institute of Technology and Science | G13: CSE (DS) CSE (AI&ML) CSE (DS) | H13: 3rd Year | I13: 9154184676 8179544286 6303036707 | J13: 3 | K13: 0
A14: 9 | B14: HV2-2026-OCT-4614 | C14: Algo squad | D14: Artificial Intelligence (AI) | E14: Poloju vasavi Mohammad saniya Pittala harika | F14: Vignan Institute of Technology and Science | G14: CSE | H14: 3rd Year | I14: 9392793987 9848364850 6309460308 | J14: 3 | K14: 0
A15: 10 | B15: HV2-2026-OCT-2695 | C15: Alide | D15: Artificial Intelligence (AI) | E15: Abhiram Mohammad Arif Sathish | F15: Vignan Institute of Technology and Science | G15: CSE (AI&ML) | H15: 2nd Year | I15: 8008189293 8074047607 8712214574 | J15: 3 | K15: 0
A16: 11 | B16: HV2-2026-OCT-7565 | C16: All stars | D16: Artificial Intelligence (AI) | E16: katakam supraja N.arun M ARAVIND | F16: Vignan Institute of Technology and Science | G16: CSE | H16: 2nd Year | I16: 9490948538 8639459203 6281094261 | J16: 3 | K16: 0
A17: 12 | B17: HV2-2026-OCT-4338 | C17: BLITZ | D17: Artificial Intelligence (AI) | E17: Tejeshwar Reddy Addula Byreddy Sushank Reddy Chandaluri Sri Harsha | F17: Vignan Institute of Technology and Science | G17: CSE (AI&ML) | H17: 2nd Year | I17: 7382838743 8332051480 9100865190 | J17: 3 | K17: 0
... A150: 145 | B150: HV2-2026-OCT-8439 | C150: Titans | D150: Internet of Things (IOT) | E150: Siddartha Samala Y Harsha krishna Burri Ruthwik | F150: Vignan Institute of Technology and Science | G150: CSE (DS) | H150: 3rd Year | I150: 9030520458 8125418662 9515276423 | J150: 3 | K150: 0

Sheet OTHERS
A5: Team No. | B5: Registration ID | C5: Team Name | D5: Track | E5: Team Member Names | F5: College | G5: Branch | H5: Year | I5: Phone No. | J5: Members
A6: 1 | B6: HV2-2026-OCT-6520 | C6: Black Pearl | D6: Artificial Intelligence (AI) | E6: Danthenapally Srivarshitha Gollapalli Chakradhar Chary Kota Uday Reddy | F6: CVR College of Engineering Sri Venkateshwara College of Engineering CVR College of Engineering | G6: CSE (DS) CSE (AI&ML) CSE (DS) | H6: 2nd Year | I6: 6309934781 7013280417 9347004550 | J6: 3
A7: 2 | B7: HV2-2026-OCT-4616 | C7: Bug Slayers | D7: Artificial Intelligence (AI) | E7: Padarthi Divya Sri Chirra Hasini Chamakura Yamini | F7: ACE Engineering College | G7: CSE (DS) CSE (AI&ML) CSE (DS) | H7: 2nd Year | I7: 9618719572 8341223438 7989609328 | J7: 3
A8: 3 | B8: HV2-2026-OCT-5745 | C8: Code Blooded | D8: Artificial Intelligence (AI) | E8: Yamini Thirumani Puvvadi Sakhitha Harshitha Puliroju | F8: G Narayanamma Institute of Technology and Science (GNITS) | G8: CSE (DS) CSE (AI&ML) CSE (DS) | H8: 4th Year | I8: 7995693895 9398899334 6305406660 | J8: 3
A9: 4 | B9: HV2-2026-OCT-5660 | C9: Code titans | D9: Artificial Intelligence (AI) | E9: Chada Vaishnavi Akshitha Deshagoni Srividya Alubilli | F9: Marri Laxman Reddy Institute of Technology and Management (MLRITM) | G9: CSE (AI&ML) | H9: 2nd Year | I9: 7702498268 9030380871 6281084832 | J9: 3
A10: 5 | B10: HV2-2026-OCT-8620 | C10: Code × Crash | D10: Artificial Intelligence (AI) | E10: Daroori Abhignya S.Ruchitha Tejaswi Pendyala | F10: Vignan's Institute of Management and Technology for Women (VMTW) | G10: CSE (DS) | H10: 3rd Year | I10: 8247203142 9866193388 9391281815 | J10: 3
A11: 6 | B11: HV2-2026-OCT-6582 | C11: CodeAlpha | D11: Artificial Intelligence (AI) | E11: Golconda Yeshwanth Kumar Polepaka Mahesh Velpula Vyshali | F11: Anurag Engineering College (Kodad) | G11: CSE | H11: 3rd Year | I11: 7075320652 7013197272 9542224334 | J11: 3
A12: 7 | B12: HV2-2026-OCT-6039 | C12: Codefusion | D12: Artificial Intelligence (AI) | E12: SHIVANI KURMA Ch Karthik Shaik Momin | F12: Marri Laxman Reddy Institute of Technology and Management (MLRITM) | G12: CSE (AI&ML) | H12: 3rd Year | I12: 9398471837 9493317442 9133153170 | J12: 3
A13: 8 | B13: HV2-2026-OCT-5283 | C13: Coders | D13: Artificial Intelligence (AI) | E13: Neelam Anjali Nikhil Mudigonda Srujana Sadhu | F13: KL University (KLH) | G13: CSE | H13: 4th Year 3rd Year 3rd Year | I13: 9985859422 8341664756 9491516765 | J13: 3
A14: 9 | B14: HV2-2026-OCT-8480 | C14: Coderush | D14: Artificial Intelligence (AI) | E14: Erra Akshitha Varsha Mattaparthi Damaraju guru Lakshmi manasa | F14: Sphoorthy Engineering College Vignan Institute of Technology and Science Matrusri Engineering College | G14: AI&ML CSE IT | H14: 3rd Year | I14: 9441830190 7989068069 6309804359 | J14: 3
A15: 10 | B15: HV2-2026-OCT-5738 | C15: Codinjas | D15: Artificial Intelligence (AI) | E15: POLE RAVITEJA Varahala Vishal Yashraj Bhuvakar | F15: Vardhaman College of Engineering VMEG VMEG | G15: IT ECE ECE | H15: 3rd Year | I15: 7569057424 9701417442 7386614171 | J15: 3
A16: 11 | B16: HV2-2026-OCT-9141 | C16: CoreX | D16: Artificial Intelligence (AI) | E16: Kavya deepika Hemasri Lakshmi prassana | F16: Vignan's Institute of Management and Technology for Women (VMTW) | G16: CSE CSE (DS) CSE (DS) | H16: 3rd Year | I16: 9494880185 8125617760 9490082345 | J16: 3
A17: 12 | B17: HV2-2026-OCT-5977 | C17: DOMAIN EXPANSION | D17: Artificial Intelligence (AI) | E17: Sudeepthi Chinnala Bandi Laxmi Deepak Pothuganti Samreen | F17: Geethanjali College of Engineering and Technology | G17: CSE | H17: 2nd Year | I17: 8332881265 8247770962 9182949562 | J17: 3
... A74: 69 | B74: UZ2O2K21 | C74: Smart tech | D74: Not specified | E74: Hari Bilapudi Lavanya Chelle Anusha Dwarampudi | F74: V.S.M College of Engineering | G74: CSE | H74: 3rd Year | I74: Not provided Not provided Not provided | J74: 3
